:020000040800F2
:1000000088D800206102000891310008C52400084A
:100010008D310008F51100084F6100080000000054
:10002000000000000000000000000000A101000826
:100030000516000800000000FD010008C145000889
:100040007B0200087B0200087B02000821410008B7
:100050007B0200087B0200087B0200087B0200088C
:100060000920000835200008612000087B020008F4
:100070007B0200087B0200087B0200087B0200086C
:100080007B0200087B0200087B0200087B0200085C
:100090007B0200087B0200087B0200088D2000081C
:1000A0007B0200087B0200087B0200087B0200083C
:1000B0007B0200087B0200087B0200087B0200082C
:1000C0007B0200087B0200087B0200087B0200081C
:1000D0007B020008E55C0008495E0008695E0008D4
:1000E0007B020008B13A00087B0200087B0200088E
:1000F0007B0200087B0200087B0200087B020008EC
:100100007B0200087B0200087B0200087B020008DB
:100110007B0200087B0200085D460008A148000839
:100120007B0200087B0200087B0200087B020008BB
:100130007B0200087B0200087B0200087B020008AB
:100140007B0200087B0200087B0200087B0200089B
:100150007B0200087B020008E11400087B02000813
:100160007B0200087B0200087B0200087B0200087B
:100170007B0200087B0200087B0200087B0200086B
:100180007B0200087B020008DFF810D000F09AFC28
:1001900000480047696C0008AFF3008088D8002051
:1001A0002C4B19680868B0E8F04F80F30988BFF35A
:1001B0006F8F4FF0000080F311887047000000003F
:1001C00008480068006880F308884FF0000080F35A
:1001D000148862B661B6BFF34F8FBFF36F8F00DF35
:1001E00000BF00BF08ED00E0DFF80C00016841F43B
:1001F00070010160704700BF88ED00E0EFF30980F7
:10020000BFF36F8F134B1A681EF0100F08BF20ED5D
:10021000108A20E9F04F106009B44FF0500080F3CD
:100220001188BFF34F8FBFF36F8F07F00DFE4FF0B4
:10023000000080F3118809BC19680868B0E8F04F25
:100240001EF0100F08BFB0EC108A80F30988BFF3CE
:100250006F8F7047C4000020EFF3058070470000E7
:100260000648804706480047FEE7FEE7FEE7FEE750
:10027000FEE7FEE7FEE7FEE7FEE7FEE7F5450008DE
:10028000890100082DE9FE43994615468846074630
:1002900001AC022942D3002D40D000200290A8F1E9
:1002A00001004FF0FF36009022E000FB057201FBD9
:1002B000057011464A469047002805DC54F8260090
:1002C000304444F8260013E060682A4600FB0571BC
:1002D00054F8040C00FB057007E00B7890F800C0A0
:1002E00001F801CB00F8013B521E002AF5D17642FD
:1002F00054F8040C61688842D7DC4B462A463846DD
:10030000FFF7C0FF54F8040C4B46A8EB0001401C5B
:1003100000FB05702A46491EFFF7B4FFBDE8FE83C7
:1003200040EA01039B0703D009E008C9121F08C077
:10033000042AFAD203E011F8013B00F8013B521EF7
:10034000F9D27047D2B201E000F8012B491EFBD26E
:1003500070470022F6E710B513460A4604461946D0
:10036000FFF7F0FF204610BD30B505462A460B4684
:1003700012F8010B13F8014B08B1A042F8D01CB1E0
:10038000002802D06D1CF1E7284630BD421C10F851
:10039000011B0029FBD1801A704710B5002200E034
:1003A000521C835C8C5CA34201D1002BF8D1D8B2E3
:1003B000E1B2401A10BD00000FB400B58DB010A915
:1003C00009900B9000914FF0FF300A9000200C90A4
:1003D00005480690054807906A4609A80F9900F05D
:1003E0008BF90DB05DF814FB150700083307000802
:1003F0002DE9FF5F1D464FF0FF3BD5E901469146D1
:100400005F464FF00008A9697F1C01988847296A58
:10041000824688470028F6D1BAF1FF3F0CD024F479
:10042000C064002E19DD600614D5BAF12B0F09D077
:10043000BAF12D0F0ED103E0584604B0BDE8F09F8D
:1004400044F48064A9697F1C01988847761E82461F
:10045000002E02DDBAF1300F03D0B9F1000F26D023
:1004600032E0A969761E44F400747F1C0198884725
:100470008246002E05DDBAF1780F06D0BAF1580F8A
:1004800003D0B9F1000F10D01EE0B9F1000F02D077
:10049000B9F1100F18D1A969761E24F400747F1CDD
:1004A000019888478246102002E0082000E00A20D8
:1004B000814609E008FB0908A969761E44F4007426
:1004C0007F1C019888478246002E05DD494650462C
:1004D00000F0FEF80028EDDAE96901988847A005E8
:1004E00002D46FF00100A8E7E00725D1600613D51C
:1004F000600502D5C8F1000000E0404629680A1DE9
:100500002A600968220501D5087015E0220701D587
:10051000088011E008600FE02868011D296000686C
:10052000210502D580F8008006E0210702D5A0F859
:10053000008001E0C0F8008038467EE72DE9FF5FCB
:10054000D2E901A74FF00008916999461446DDF8F9
:1005500038B0464601988847054659EA0B0005D051
:1005600009E0A169761C019888470546216A28465A
:1005700088470028F5D1681C03D05FEACA7005D00F
:1005800015E04FF0FF3004B0BDE8F09F2068011D7A
:100590002160D0F800800AE05FEACA7001D108F853
:1005A000015BA169761C7F1E019888470546002FD4
:1005B0001ADD681C18D0B9F1000F0DD0E81705EB53
:1005C000D060421120F01F0059F822102A1A012091
:1005D00090400142E0D107E0BBF1000FDCD1216A7D
:1005E000284688470028D7D0E16901988847BBF1A1
:1005F000000F07D1002E05DD5FEACA7002D100218D
:1006000088F80010A068B84203DDBBF1000F03D0EA
:1006100017B16FF00100B6E73046B4E700F00042D2
:1006200030F000400AD0C10D01F56071C0F3160032
:1006300042EA0151C20840071143704700200146B9
:10064000704730B50B46014600202022012409E006
:1006500021FA02F59D4205D303FA02F5491B04FA7B
:1006600002F52844151EA2F10102F1DC30BD2DE98E
:10067000F05F0546002092469B4688460646814626
:1006800040241BE0284641464746224600F03BFAFC
:1006900053465A46C01A914110D311461846224675
:1006A00000F022FA2D1A67EB01084F46224601207E
:1006B000002100F019FA17EB00094E41201EA4F1A9
:1006C0000104DFDC484631462A464346BDE8F09F38
:1006D0003A2800D2303820F02002412A01D3A2F17A
:1006E0003700884201D34FF0FF3070470268114451
:1006F0001378016018467047D1600449516104497C
:10070000116200211161114600F024BAED060008C3
:100710004B0B0008426842B1016811F8013B23B15C
:10072000521EC0E90012184670470121C160881EA0
:10073000704742685AB1C368016843B983688B4205
:1007400005D0491E521CC0E90012002070474FF02E
:10075000FF3070472DE9FE4F804681EA0300C00F4D
:100760000C46009021F0004123F00045B8EB020058
:10077000A94105D24046214690461C460B460246FA
:1007800023F00040104347D0270DC7F30A00C3F3FE
:100790000A510290401A019040286BDAC3F313000B
:1007A00040F4801B0098924620B10023D2EB030A4C
:1007B00063EB0B0B01985946C0F14002504600F024
:1007C00093F906460D4650465946019A00F0ABF99A
:1007D00010EB08006141002487EA115284EAE773B4
:1007E0001A4340D0009A62B3019A012A4FEA075295
:1007F00015DC001B61EB02014FF0004202EA0752D8
:10080000CDE90042001C41F5801132462B4600F034
:1008100048FB03B0BDE8F08F40462146F9E7001BD6
:1008200061EB0201001C41F5801300185B412018A8
:10083000A2F5001747EB030140EAD570B6196D41E8
:1008400011E06D084FEA360645EAC0754FEA0752D7
:10085000001B61EB0201001C41F5801149084FEAC1
:1008600030000019514132462B4603B0BDE8F04F2D
:1008700000F008BB0098012240000023D0EB0202E8
:1008800063EBE073009821464FEAE074B8EB000098
:1008900061EB0401E9E783F000435BE781F000418D
:1008A00058E72DE9FE4F81EA030404F0004421F0EB
:1008B000004100944FF0000B23F0004350EA010484
:1008C0005ED052EA03045BD0C3F30A54C1F30A5565
:1008D0002C44A4F2F3340194A0FB0254C1F313019D
:1008E00041F48011C3F3130343F4801301FB02446A
:1008F00000FB034E840A970A44EA815447EA83576F
:10090000A4FB076802958D0A05FB07854FEA932C27
:1009100004FB0C542705029D4FEA065847EA163798
:10092000B5EB08056EEB070C870E920E47EA8117B0
:1009300042EA8312A7FB0201B6EB0B0164EB000451
:100940002B0D43EA0C335E1844EB1C50DA4651463B
:10095000E7FB0201C5F313044FEA0B3343EA1453D8
:100960004FEA0432019C43EA0603A4F10C0402940A
:10097000009CCDE900B400F094FA03B0BDE8F08F1C
:1009800000200146F9E72DE9F04D81EA030404F067
:10099000004B21F0004514464FF0000A23F00041BF
:1009A00050EA050220D054EA01021DD0C5F30A57CF
:1009B0000246C5F31303C1F31300C1F30A5640F412
:1009C000801543F48013A7EB0608101BD64608F2E7
:1009D000FD3873EB050002D308F1010801E092181D
:1009E0005B41B8F1000F03DA00200146BDE8F08D4D
:1009F00000204FF48011064684460EE0171B73EB6F
:100A0000050705D3121B63EB050306434CEA010CF3
:100A100049084FEA300092185B4150EA0107EDD1D6
:100A200052EA030012D082EA040083EA0501084377
:100A300005D0101BAB4106D20122002306E00022A4
:100A40004FF0004302E06FF0010253101AEB060072
:100A50004CEB085110EB0A0041EB0B01BDE8F04DE7
:100A600000F010BAC1F30A52C1F3130140F2FF3390
:100A700041F480119A4202DA00200146704740F2A8
:100A800033439A42A2F2334202DC524200F03BB8B6
:100A900000F02AB830B5041E71F1000404DB4FF0F9
:100AA0000044404264EB0101141E73F1000405DBB5
:100AB0001C464FF00043524263EB0403994208BFC7
:100AC000904230BD064C074D06E0E06840F001035F
:100AD00094E8070098471034AC42F6D3FFF758FB70
:100AE0007094000890940008202A04DB203A00FA51
:100AF00002F1002070479140C2F1200320FA03F375
:100B0000194390407047202A04DB203A21FA02F072
:100B10000021704721FA02F3D040C2F12002914037
:100B2000084319467047202A06DBCB17203A41FAC2
:100B300002F043EAE07306E041FA02F3D040C2F16A
:100B400020029140084319467047C0B24FF4F0515B
:100B500000F0F6B92DE9F34F8BB04FF0000801F12A
:100B60000C000C464FF0010B46460DF1080A0190AF
:100B70006269012101989047051E2DD0252D2CD0AA
:100B8000216A8847C0B16269012101989047216AB2
:100B900088470028F7D1411E62690198904700E01C
:100BA000761CA1690B988847216A88470028F7D1ED
:100BB000E1690B988847DBE7A1690B9888470746EE
:100BC000A84201D1761CD3E7E1690B9888477F1CC6
:100BD00002D1B8F1000F6FD047E1002762693D46AE
:100BE0003946019890472A2804D162690121019869
:100BF00090470125DFF888926269012101989047AA
:100C0000A0F130010A290AD24F45E5DC07EB870144
:100C100000EB4107303FDFD445F01005ECE7E90673
:100C200001D46FF000476C280AD04C2814D06828F3
:100C300015D06A280DD074281CD07A281AD01DE04F
:100C400062690121019890476C2802D045F00405A3
:100C500014E045F002050DE045F020050AE0626968
:100C6000012101989047682802D045F0080505E069
:100C700045F400656269012101989047C4E9015774
:100C800065283DD019DC58287AD00CDC452837D0AF
:100C900004DC252826D0412831D131E046282FD048
:100CA00047282CD12CE05B2877D0612828D06328F6
:100CB0007CD0642823D15AE0D1E06F2848D008DCEA
:100CC00066281DD067281BD0692821D06E2816D130
:100CD00027E0702845D0732868D0752847D0782839
:100CE0000DD14DE0A1690B988847054625283FF4B2
:100CF00069AFE1690B9888476D1C3FF46AAFB4E0B7
:100D000023466A466FF001000B99AFF300809FE025
:100D100045F040006060A80723464FF0000236D43B
:100D20003EE0E8077FF447AF2068011D21600068BE
:100D3000290501D506701BE7290701D5068017E7AD
:100D4000A90703D5F117C0E9006111E706600FE7B5
:100D500045F040006060A80723464FF0080216D413
:100D60001EE040F60E0125EA0100606016E045F045
:100D700040006060A80723464FF00A0207D40FE046
:100D800045F040006060A80708D5234610226FF0A8
:100D900001000B99AFF300805AE007E023461022D0
:100DA0006FF001000B99FFF723FB51E04FF00009B2
:100DB0004F464B46632802D05B2807D041E020799C
:100DC000C00601D40120A06001273AE06269012138
:100DD000019890475E2805D14FF0010962694946A4
:100DE00001989047216939B900210A46534643F8D2
:100DF0002120491C0829FADBB0B3216969B9C11760
:100E000000EBD16253110AEB830122F01F02821A18
:100E100001200B68904003430B6062690121019837
:100E200090475D28E8D1B9F1000F09D00020514664
:100E300051F82020D24341F82020401C0828F7DB3D
:100E400002AB224600976FF001000B99FFF776FB8B
:100E500000280CDA401C08D1BBF1000F05D04FF080
:100E6000FF300DB0BDE8F08FFFE74046F9E7E90736
:100E700001D108F1010806444FF0000B78E60000AC
:100E8000CCCCCC0C10B5141E73F1000408DA401C55
:100E900041F1000192185B411A4301D120F0010099
:100EA00010BD2DE9F04D92469B4611B1B1FA81F289
:100EB00002E0B0FA80F220329046FFF715FE0446B9
:100EC0000F4640EA0A0041EA0B0153465A460843DE
:100ED00013D0114653EA010019D0C8F14002504620
:100EE000FFF711FE05460E46504659464246FFF7AB
:100EF000FBFD084305D0012004E020463946BDE84B
:100F0000F08D0020054346EAE0762C4337430A98EB
:100F10006305E40AA0EB08000022FD0A44EA4754F6
:100F20000A3002D500200146E9E7010510196941A0
:100F3000DDE9084500196941BDE8F04DA2E7000070
:100F40007F2801D9002208E0064A02EB5002C007C0
:100F5000127800D1120902F00F02012090400840DF
:100F6000704700000192000870B58C1810F8015B02
:100F700015F0070301D110F8013B2A1106D110F832
:100F8000012B03E010F8016B01F8016B5B1EF9D136
:100F90002B0705D40023521E0DD401F8013BFAE7BC
:100FA00010F8013BCB1A921C03E013F8015B01F827
:100FB000015B521EF9D5A142D8D3002070BD21B1EA
:100FC000826842F00102826003E0826822F001023E
:100FD000826070470146C86C80B2704702460020AC
:100FE00013680B400BB1012000E0002070470000A7
:100FF00030B50246002000235068104C20400D7987
:101000000C6844EA05242043506090680C4C204052
:10101000D1E903542C438D682C434D7944EA4504AF
:1010200020439060D06A20F470000C7D641EE4B20E
:10103000234340EA0350D06230BD0000FFFEFFFCB6
:10104000FDF7FFC0F0B504460D4600200021092D34
:1010500011DDE068A5F10A0606EB4607072606FA49
:1010600007F18843A5F10A0606EB460603FA06F1E6
:101070000843E0600CE0206905EB4507072606FA07
:1010800007F1884305EB450603FA06F108432061A2
:10109000072A0FDA606B561E06EB86071F2606FA34
:1010A00007F18843561E06EB860605FA06F108434B
:1010B000606322E00D2A0FDA206BD61F06EB86074D
:1010C0001F2606FA07F18843D61F06EB860605FAA7
:1010D00006F10843206310E0E06AA2F10D0606EB7A
:1010E00086071F2606FA07F18843A2F10D0606EBD4
:1010F000860605FA06F10843E062F0BD816841F01A
:10110000804181607047000070B504460E462CB9DE
:1011100000214FF0804003F0F7FE70BD0748B0FBA0
:10112000F4F0451E29464FF0804003F0EBFE3146B7
:101130004FF0804003F0E8FE00BFEEE780841E0021
:1011400000B58BB00121084602F0B6FA012108462D
:1011500002F0A2FA002009900A9002208DF82800DF
:1011600000208DF82A002020099001208DF82B0006
:1011700003208DF8290009A91D4801F0F5F8012286
:1011800005211B4801F038F90020069007900890CF
:10119000ADF82000ADF81A0042F20F700790292038
:1011A000ADF8180006A9800703F0B6FE142101A8C7
:1011B000FFF7CFF86020ADF804000120ADF806007D
:1011C00000200390ADF8100001A94FF0804003F01B
:1011D0005BFD0821C80603F095FD0121880703F097
:1011E0000FFD0121880703F01AFD0BB000BD0000C0
:1011F0000000024000BFFEE7024610880B88C01ABC
:101200007047024610880B88C01A704710B500243A
:1012100000F096F808E0601C84B2012000F028F885
:10122000642C01DD032010BD00F0B8F80128F2D0D5
:10123000002408E0601C84B2012000F019F8642C3E
:1012400001DD0120EFE700F0A9F80028F2D000242A
:1012500008E0601C84B2012000F00AF8642C01DD73
:101260000220E0E700F09AF80128F2D00020DAE747
:1012700010B5114B1B6803F001036BB90F4B1B68D2
:1012800043F080730D4C236000230B4C63602346B6
:101290001B6843F001032360074B5968084B1B6828
:1012A000084CB3FBF4F303FB00F200BF024B5B6896
:1012B0005B1A9342FAD310BD001000E0FCED00E091
:1012C0000000002040420F0070B5002600240025D9
:1012D00032E0002408E0601CC4B20120FFF7C8FF20
:1012E000642C01DD002070BD00F058F80028F2D019
:1012F0001E20FFF7BDFF00F051F8012815D1002492
:1013000007E0601CC4B20120FFF7B2FF642C00DDCF
:1013100003E000F043F80128F3D000BFC5F1070156
:10132000012088403043C6B204E0C5F10701012026
:1013300088408643681CC5B2082DCADB3046D2E718
:101340001CB500208DF804004FF4005000900020E0
:101350008DF807006946024801F006F81CBD000040
:10136000000402401CB50121022002F095F9012081
:101370008DF8040000208DF806004FF40050009016
:1013800001208DF8070003208DF80500694602480A
:1013900000F0EAFF1CBD00000004024010B54FF44D
:1013A0000051024801F04BF810BD0000000402405B
:1013B0002DE9FC410020009001900024002500262A
:1013C0000027804607F026FA012817D02F4800781A
:1013D00068B907F02FFA2E490968401AB0F57A7FEC
:1013E00005D29DED000ADDED010ABDE8FC8100207B
:1013F0002649087007F01EFA2549086000F05EF8DB
:1014000006F0BAFAFFF702FFA0BBFFF75DFF044644
:10141000FFF75AFF0546FFF757FF0646FFF754FF51
:101420000746FFF751FF8046601930443844C0B288
:1014300040451FD100EE105AB8EE400A9FED151A34
:10144000C0EE010A00EE104AB8EE400A30EE800A03
:101450008DED000A00EE107AB8EE400A9FED0D1AED
:10146000C0EE010A00EE106AB8EE400A30EE800AC3
:101470008DED010AFFF776FF012000F00DF806F070
:10148000A5FA9DED000ADDED010AAEE75C00002043
:10149000580000200000C84210B50446012C04D1B9
:1014A0004103054800F0D7FF04E04FF40051024823
:1014B00000F0CEFF10BD00000004024010B5FFF7A1
:1014C00051FF0020FFF7E8FF44F25060FFF7D0FE25
:1014D0000120FFF7E1FF1E20FFF7CAFE10BD00004C
:1014E00010B50749074800F059F8012806D10D202A
:1014F00004F0DCFB0249034800F020F810BD0000B6
:1015000000800028B86402400246094B9A4201D28A
:10151000084801E00648103801F000531BB1064BA3
:101520000B40C36002E0044B0B4083607047000037
:1015300010640240006002407D0F7D0F0246094B9F
:101540009A4201D2084801E00648103801F00053E1
:101550001BB1064B0B40C36002E0044B0B408360A1
:101560007047000010640240006002407D0F7D0F54
:1015700021B1026842F00102026003E0026822F039
:10158000010202607047014600200A6802F0010271
:101590000AB1012000E000207047000070B502464B
:1015A000002000240025124EB24201D2114B01E06E
:1015B0000F4B103B104E0E4036B11E2606EAD124CA
:1015C000166806EA040502E0566906F0800501F097
:1015D00000560EB15C6800E01C68084E344004EA16
:1015E000010616B10DB1012000E0002070BD000021
:1015F00010640240006002403C0F3C0F7D0F7D0FE5
:10160000416070477047000038B5044600200090E4
:101610006A46012100F036F89DF800005A2810D0E3
:101620000BA004F045FE5020207023206070322073
:10163000A070B2EE040A84ED010A204600F09CF886
:1016400004E022460821012000F01CF838BD00000B
:10165000454550524F4D3A20466972737420626F6F
:101660006F742C206C6F6164696E672064656661BD
:10167000756C74207468726573686F6C64732E2E59
:101680002E0D0A002DE9F04105460E46174664214D
:101690003848006806F00CFF012802D0FF20BDE8A2
:1016A000F08101F007F8A02000F0A0FF00F0D4FFC7
:1016B00001280AD101F020F800231A4619462D48C6
:1016C000006806F06DFD0120E9E7281200F08EFFAA
:1016D00000F0C2FF01280AD101F00EF800231A46DB
:1016E00019462448006806F05BFD0220D7E7E8B2FF
:1016F00000F07CFF00F0B0FF01280AD100F0FCFFF1
:1017000000231A4619461B48006806F049FD0320CD
:10171000C5E700F0CFFFA12000F068FF00F09CFFBC
:1017200001280AD100F0E8FF00231A4619461148A3
:10173000006806F035FD0420B1E700240DE000F05C
:101740001FFF3855711EA14201D1012100E0002187
:10175000084600F0E5FE601C84B2B442EFDB00F006
:10176000CBFF00231A4619460248006806F018FD10
:10177000002094E76000002038B504465A2000900D
:101780006A460121002000F043F82246082101208A
:1017900000F03EF801A004F08BFD38BD45455052E5
:1017A0004F4D3A205468726573686F6C64205361C2
:1017B000766564205375636365737366756C6C79C5
:1017C000210D0A0070B501244FF47A7500BF00F0B6
:1017D00071FFA02000F00AFF00F03EFF044600F079
:1017E0008BFF04B910E007F015F8012803D00120A1
:1017F00006F0BAF903E04FF4FA7005F008FA281E73
:10180000A5F101018DB2E2D100BF204670BD0000FC
:101810002DE9F04704460D4617464FF000086421B5
:101820001D48006806F044FE012802D0FF20BDE8F4
:10183000F08726E02046E11704EB91618911A4EBC3
:10184000811101F0FF09C9F14000C6B2AE4200DDCE
:10185000EEB23A463146204600F020F88046B8F114
:10186000000F08D000231A4619460B48006806F0FE
:1018700097FC4046DBE7A81B85B2A01984B2374429
:1018800000BF002DD6DC00231A4619460248006826
:1018900006F086FC0020CAE76000002070B5044610
:1018A0000E46154600F006FFA02000F09FFE00F057
:1018B000D3FE012803D100F01FFF012070BD2012CC
:1018C00000F094FE00F0C8FE012803D100F014FFE0
:1018D0000220F3E7E0B200F089FE00F0BDFE01282F
:1018E00003D100F009FF0320E8E70BE015F8010B36
:1018F00000F07CFE00F0B0FE012803D100F0FCFEF9
:101900000420DBE7301EA6F10101CEB2EED100F0DB
:10191000F3FEFFF757FFD1E770B5044606F07AFFF4
:1019200001280AD04FF47A7060434FF47A71B0FB0B
:10193000F1F5284606F018F902E0204605F05BF9BB
:1019400070BD000010B54FF47A70FFF7E5FF00F0AE
:1019500047FB04A1044804F023FC4FF47A70FFF71E
:10196000DBFF10BD2B2B2B000048004070B500F0B2
:1019700037FBFFF7E7FF03E04FF4FA70FFF7CCFF08
:101980004EA14FA000F04AF90028F5D102E0C8208E
:10199000FFF7C2FF49A14CA000F040F90028F6D1A2
:1019A00006E04EA004F084FC4FF4FA60FFF7B4FFA9
:1019B00000F000F90028F4D100F06CF903E04FF4D6
:1019C0007A70FFF7A9FF4EA14F4800F027F90028D1
:1019D000F5D102E0C820FFF79FFF38A14BA000F02F
:1019E0001DF90028F6D100F0FBFA4CA14F4804F095
:1019F000D7FB4FF4FA70FFF78FFF00242DE000F0C3
:101A0000EFFA01F007F9C825002610E048480088E1
:101A1000022809DB47480078202805D1454840784E
:101A2000022801D1012607E00A20FFF775FF281ED2
:101A3000A5F101018DB2E9D100BF1EB13EA004F0B5
:101A400037FC0BE0601CC4B2214641A004F030FC1E
:101A50004FF47A70FFF760FF00BFD0E700BF27E0C8
:101A600000F0BEFA01F024FBC825002610E0304843
:101A70000088022809DB2F480078902805D12D48DE
:101A80004078032801D1012607E00A20FFF744FF30
:101A9000281EA5F101018DB2E9D100BF1EB136A00B
:101AA00004F006FC05E04FF47A70FFF735FF00BF45
:101AB000D6E700BF37A004F0FBFB70BD4F4B000022
:101AC00041540D0A0000000041542B43574D4F4430
:101AD000455F4355523D310D0A0000005769466984
:101AE00020436F6E6E656374204661696C2C2072B2
:101AF00065747279696E672E2E2E0D0A0000000043
:101B0000434F4E4E454354009092000841542B439E
:101B100049504D4F44453D310D0A000041542B437F
:101B2000495053454E440D0A000000000048004053
:101B3000BA000020580700204D51545420436F6EC6
:101B40006E6563742053756363657373210D0A00BA
:101B50004D51545420436F6E6E6563742046616925
:101B60006C20282564292C205265747279696E676F
:101B70002E2E2E0D0A0000004D5154542053756234
:101B80007363726962652053756363657373210DB6
:101B90000A000000455350383236362026204D5179
:101BA000545420496E697420436F6D706C65746580
:101BB000210D0A0010B507A004F07AFB42F2107262
:101BC0000AA10BA000F034F808B9002010BD0120D4
:101BD000FCE70000436F6E6E656374696E672057A3
:101BE0006946692E2E2E0D0A000000004F4B0000A2
:101BF00041542B43574A41503D224A4946454E479E
:101C0000444158554E4C494E2030393232222C2214
:101C100038345430397A2A37220D0A0070B5044618
:101C20000D464FF4FA622946204600F001F870BDD7
:101C30002DE9F04104460D4616460A20B6FBF0F7A2
:101C400000F0CEF93CB12046FEF7A0FB18B12146CA
:101C50000E4804F0A5FA12E000F0AAF960B945B107
:101C60002846FEF793FB20B129460948FEF77CFB86
:101C700010B10020BDE8F0810A20FFF74DFE381EAC
:101C8000A7F10107E8D10120F4E700000048004077
:101C90005807002070B58CB000200B900A90099076
:101CA0000890079006900590002672A004F000FBB3
:101CB00076A177A0FFF7B2FF28B183A004F0F8FA6D
:101CC00000200CB070BD4FF4FA70FFF725FE00F055
:101CD00087F983A1874804F063FA4FF4967508E00A
:101CE00085A18948FEF740FB00B107E00A20FFF715
:101CF00013FE281EA5F101018DB2F1D100BF7EA116
:101D00008148FEF731FB0446002C7DD005A806A9CA
:101D100007AA08ABCDE90132CDE9031009A80AAB47
:101D20000BAA7AA100902046FEF746FB07286CD14B
:101D3000002003900598B0F5FD6F01DA0020C0E7A0
:101D40007BA10AA8FEF729FB08B901264BE079A17F
:101D50000AA8FEF722FB08B9022644E076A10AA8E9
:101D6000FEF71BFB08B903263DE074A10AA8FEF7A5
:101D700014FB08B9042636E071A10AA8FEF70DFB92
:101D800008B905262FE06FA10AA8FEF706FB08B9DF
:101D9000062628E06CA10AA8FEF7FFFA08B9072674
:101DA00021E06AA10AA8FEF7F8FA08B908261AE0A5
:101DB00067A10AA8FEF7F1FA08B9092613E065A1A0
:101DC0000AA8FEF7EAFA08B90A260CE062A10AA8F6
:101DD000FEF7E3FA08B90B2605E060A10AA8FEF7B2
:101DE000DCFA00B90C2600200490F0B28DF8110046
:101DF0000998C0B28DF812006421059890FBF1F2A9
:101E000001FB1200C0B201E02EE02CE08DF81300BF
:101E10000898C0B28DF80C000798C0B28DF80D007C
:101E20000698C0B28DF80E0004A9002002F04CF80C
:101E300003A9002002F0ACF80120494908709DF880
:101E40000E009DF80D109DF80C20CDE900210290A8
:101E50009DF812309DF811209DF8131041A004F058
:101E600027FA01202DE700BF4BA004F021FA002043
:101E700027E700005374617274696E6720534E54F3
:101E8000502053796E632E2E2E0D0A004F4B00000A
:101E900041542B434950534E54504346473D312CF7
:101EA000382C226E74702E616C6979756E2E636F9A
:101EB0006D222C226E7470312E616C6979756E2ED4
:101EC000636F6D220D0A0000534E545020436F6E15
:101ED000666967204661696C6564210D0A0000002F
:101EE00041542B434950534E545054494D453F0D96
:101EF0000A000000004800402B434950534E545004
:101F000054494D453A000000580700202B434950E2
:101F1000534E545054494D453A253373202533735D
:101F20002025642025643A25643A25642025640030
:101F30004A616E00466562004D6172004170720038
:101F40004D6179004A756E004A756C0041756700F5
:101F5000536570004F6374004E6F760044656300F4
:101F6000BE0000205254432053796E6320537563A2
:101F7000636573733A203230253032642D25303258
:101F8000642D2530326420253032643A25303264A5
:101F90003A253032640D0A00534E5450205061727D
:101FA0007365204661696C6564210D0A00000000BC
:101FB0000948008808B90120704707480088074988
:101FC0000988884201D10020F6E7034800880349C8
:101FD00008800120F0E70000BA000020BC000020CB
:101FE00010B572B64FF400710448FEF7B2F9002044
:101FF000034908800349088062B610BD58070020D5
:10200000BA000020BC00002010B5042000F054F8F5
:1020100001280BD106480078012801D0012000E0FA
:10202000002003490870042000F040F810BD0000B3
:102030005D00002010B5082000F03EF801280BD10B
:1020400006480078022801D1002000E00220034960
:102050000870082000F02AF810BD00005D00002084
:1020600010B5102000F028F801280BD106480078A0
:10207000032801D1002000E003200349087010204C
:1020800000F014F810BD00005D00002010B5202005
:1020900000F012F8012806D18021034800F0CFF9A2
:1020A000202000F003F810BD001002400149086034
:1020B00070470000143C014001460020034A1268AA
:1020C0000A400AB1012000E000207047143C0140A2
:1020D000002123498279002A3AD00A46126803680F
:1020E0009A430B461A600A1D126803689A430B1D37
:1020F0001A60027911440A6803681A430A60184A90
:102100000832126803689A43154B08331A601A1D87
:10211000126803689A43124B0C331A604279102AF2
:102120000ED11A1F126803681A430D4B08331A6048
:102130001A1D126803681A43094B0C331A600DE02C
:102140000749427911440A6803681A430A6005E0A6
:10215000027911440A6803689A430A6070470000D4
:10216000003C014000B585B00121402001F094FA07
:102170000121880301F0B0FA00208DF810008DF8DD
:1021800012003C20039001208DF8130003208DF8ED
:10219000110003A9314800F0E7F80221062002F0FF
:1021A00079F90321062002F075F90421062002F0D6
:1021B00071F90521062002F06DF9002001900290CE
:1021C0003C20019001208DF80A0000208DF80800C5
:1021D0000C208DF8090001A8FFF77AFF002000907D
:1021E00008208DF8000001208DF8030006208DF8EE
:1021F000010000208DF80200684600F0CBFF0920A6
:102200008DF8000001208DF8030006208DF80100F4
:1022100000208DF80200684600F0BCFF0A208DF80F
:10222000000001208DF8030006208DF80100002039
:102230008DF80200684600F0ADFF17208DF8000011
:1022400001208DF8030006208DF8010000208DF894
:102250000200684600F09EFF05B000BD0018024075
:1022600000B58BB00121042001F016FA02208DF890
:10227000280000208DF82A00C020099002208DF847
:102280002B0003208DF8290009A9234800F06CF8E1
:1022900002220621204800F0AFF8022207211E4842
:1022A00000F0AAF80020069007900890ADF82000F2
:1022B000ADF81A0044F61F6007905320ADF81800DF
:1022C00006A9164802F028FE142101A8FEF741F8DD
:1022D0006020ADF804000120ADF806000020039056
:1022E000ADF8100001A90D4802F0CEFC01A90B4881
:1022F00002F012FD0821094802F004FD08210748F8
:1023000002F05CFD0121054802F07AFC012103483E
:1023100002F085FC0BB000BD000802400004004044
:1023200010B544F62061044802F0EEFD44F6206149
:10233000014802F0EBFD10BD0004004070B50446FA
:10234000642C00DD64240021064802F0DDFD44F623
:1023500020606043642190FBF1F52946014802F0BA
:10236000D5FD70BD00040040F0B50A4600210023F1
:10237000002400BF3DE0012505FA01F3156805EAD8
:1023800003049C4234D105684F000326BE40B54388
:10239000056015794E00B54006683543056015792E
:1023A000012D02D01579022D16D185684F00032624
:1023B000BE40B543856055794E00B54086683543CB
:1023C0008560456801268E40B5434560456896792D
:1023D0008E40B6B235434560C5684F000326BE4007
:1023E000B543C560D5794E00B540C6683543C56074
:1023F000491C1029BFD3F0BDF0B5002300244D07C0
:10240000ED0E02FA05F3CE1000F1200555F8265026
:102410004E07F70E0F26BE40B543CF1000F1200641
:1024200046F82750CE1000F1200555F8265045EA11
:102430000304CE1000F1200545F82640F0BD024609
:10244000002013690B400BB1012000E00020704711
:102450000A048261704781617047000001460729C4
:1024600011D2DFE801F0100406080A0C0E0007A0E4
:10247000704708A0FCE709A0FAE70AA0F8E70BA05C
:10248000F6E70CA0F4E70DA0F2E700005265642027
:102490002020000050757270202000005768697479
:1024A000202000004F72616E20200000426C756594
:1024B000202000004379616E20200000477265658E
:1024C0006E20000000BFFEE710B5114B1B6803F043
:1024D00001036BB90F4B1B6843F080730D4C2360F5
:1024E00000230B4C636023461B6843F00103236009
:1024F000074B5968084B1B68084CB3FBF4F303FB0C
:1025000000F200BF024B5B685B1A9342FAD310BD26
:10251000001000E0FCED00E00000002040420F0051
:1025200010B504464FF480711448FFF791FF022064
:10253000FFF7CAFF0CB1012000E0002028B14FF4E2
:1025400000710E48FFF787FF04E04FF400710B485D
:10255000FFF77EFF0220FFF7B7FF4FF480710748B7
:10256000FFF779FF0420FFF7AFFF4FF480710348B6
:10257000FFF76EFF0220FFF7A7FF10BD0004024027
:1025800070B500244FF400711748FFF764FF002571
:102590001EE04FF480711448FFF75AFF0420FFF744
:1025A00093FF4FF480711048FFF755FF0220FFF7AB
:1025B0008BFF6006040E4FF400710B48FFF73FFFDE
:1025C00008B144F001040220FFF77EFF681CC5B289
:1025D000082DDEDB4FF480710348FFF739FF02203E
:1025E000FFF772FF204670BD0004024070B504463C
:1025F000002524E04FF480711648FFF729FF0220E0
:10260000FFF762FFC4F3C01028B14FF40071114806
:10261000FFF721FF04E04FF400710E48FFF718FFA9
:102620006006040E0220FFF74FFF4FF48071094847
:10263000FFF711FF0420FFF747FF681CC5B2082D04
:10264000D8DB4FF480710348FFF702FF0220FFF749
:102650003BFF70BD0004024010B500244FF4007130
:102660001348FFF7F8FE4FF480711148FFF7F0FEB2
:102670000420FFF729FF4FF480710D48FFF7EBFEB0
:102680000420FFF721FF4FF400710948FFF7D7FE40
:1026900008B1012000E0002004464FF48071044896
:1026A000FFF7D6FE0420FFF70FFF204610BD000005
:1026B0000004024010B54FF400710E48FFF7CBFE46
:1026C0004FF480710B48FFF7C6FE0220FFF7FCFEB7
:1026D0004FF400710748FFF7BBFE0420FFF7F4FE3C
:1026E0004FF480710348FFF7B3FE0420FFF7ECFEC0
:1026F00010BD00000004024010B54FF400710E48F8
:10270000FFF7A6FE4FF480710B48FFF7A1FE0420EF
:10271000FFF7DAFE4FF480710748FFF79CFE0420B4
:10272000FFF7D2FE4FF400710348FFF794FE042038
:10273000FFF7CAFE10BD0000000402401CB50121D5
:10274000022000F0A9FF01208DF804008DF806009A
:102750008DF8070003208DF805004FF4807000907D
:1027600069460E48FFF700FE4FF40070009069467E
:102770000A48FFF7F9FD4FF480710848FFF76BFE38
:102780004FF400710548FFF766FE0548006820B960
:10279000012005F053FC024908601CBD0004024002
:1027A0006000002070B58AB00446032C00DA0324D0
:1027B000142C00DD1424002611E000F05FF82DF841
:1027C000160006F027F8012803D0022005F0CCF906
:1027D00003E04FF4FA7004F01AFA701CC6B2A64275
:1027E000EBDB0B4B022221466846FDF74BFD002533
:1027F000012004E03DF810100D44411CC8B2611ED8
:102800008142F7DCA01EB5FBF0F080B20AB070BDCB
:10281000F911000870B52DED028B05462846FFF72B
:10282000C1FF04460A2C04DC9FED100ABDEC028BAC
:1028300070BD40F6E670844202DB9FED0D0AF5E7BD
:1028400000EE104AB8EE400ADFED0A0A70EEC00A48
:1028500000EE104AB8EE400A80EE201A9FED060AFC
:1028600021EE008AB0EE480AE0E700000000000018
:10287000F023744900F07F4500401C4670B50025E8
:1028800041F2883414211848006805F011FE01282F
:1028900027D10723012202211448FEF7D3FB134856
:1028A000FEF72CFC0CE0601E84B24CB900231A46E3
:1028B00019460D48006805F073FC40F6FF7070BDC6
:1028C00002210A48FEF78AFB0128ECD10748FEF7EF
:1028D00081FB054600231A4619460348006805F0A7
:1028E0005FFC2846EBE70000640000200020014068
:1028F00000B589B00121080200F0EEFE0121084672
:1029000000F0CAFE03208DF820000420079000206C
:102910008DF8230003208DF8210007A91148FFF747
:1029200023FD182101A8FDF714FD00208DF80900F2
:10293000059001208DF81800002001908DF8080006
:1029400001A90948FEF754FB01210748FEF737FBB0
:102950000648006820B9012005F070FB03490860B3
:1029600009B000BD000002400020014064000020CA
:102970001CB50121102000F08FFE00208DF804000E
:102980008DF806004FF4AC50009001208DF8070040
:1029900003208DF8050069460148FFF7E5FC1CBDE2
:1029A0000010024070B58AB00446032C00DA0324FC
:1029B000142C00DD1424002611E000F09BF82DF803
:1029C000160005F027FF012803D0022005F0CCF8FF
:1029D00003E04FF4FA7004F01AF9701CC6B2A64274
:1029E000EBDB0B4B022221466846FDF74BFC002532
:1029F000012004E03DF810100D44411CC8B2611ED6
:102A00008142F7DCA01EB5FBF0F080B20AB070BDC9
:102A10000312000870B52DED048B05462846FFF71C
:102A2000C1FF0446B4F5805F01DB40F6FF7400EEA1
:102A3000104AF8EE400A9FED2A1A80EE810ADFED77
:102A4000290A20EE208A2848007858B1274880EDCE
:102A5000008A002024490870244890ED000ABDEC4B
:102A6000048B70BD214890ED000A78EE408AB2EEEA
:102A70000E0AF4EEC08AF1EE10FA06DCBAEE0E0A87
:102A8000F4EEC08AF1EE10FA17D2F5EEC08AF1EE3C
:102A900010FA09DD154890ED000AF0EE080A30EE54
:102AA000200AB0EE408A08E0104890ED000AF0EEEF
:102AB000080A30EE600AB0EE408A9FED0D9A29EECA
:102AC000080AF7EE000A70EEC90A084890ED001AED
:102AD00000EE810A80ED000A90ED000ABFE70000D9
:102AE00000F07F450000C8426C0000206800002014
:102AF0009A99993E70B5002541F2883414211748FF
:102B0000006805F0D5FC012826D107230122032106
:102B10001348FEF797FA1248FEF7F0FA0BE0601E32
:102B200084B244B900231A4619460C48006805F0DF
:102B300037FB002070BD02210948FEF74FFA01283B
:102B4000EDD10748FEF746FA054600231A46194616
:102B50000248006805F024FB2846EBE764000020EB
:102B60000020014000B589B00121080200F0B4FD49
:102B70000121084600F090FD03208DF82000082078
:102B8000079000208DF8230003208DF8210007A96D
:102B90001348FFF7E9FB182101A8FDF7DAFB002035
:102BA0008DF80900059001208DF818000020019093
:102BB0008DF8080001A90B48FEF71AFA012109480F
:102BC000FEF7FDF90848006820B9012005F036FA43
:102BD0000549086001200549087009B000BD0000E2
:102BE0000000024000200140640000206C00002032
:102BF00010B5002004490880044908804FF4007192
:102C00000348FDF7A6FB10BDC0000020C200002055
:102C10005809002070B5FFF7EBFF36242725402622
:102C200004F10C00A91C0144B01C0844614908804F
:102C3000102261490888411C5F4B19805F490A5482
:102C400000BF5C4A1088C21700EB5262D211A0EBA1
:102C5000C212D1B2574A1088C21700EB5262D21189
:102C6000544B1A8018460088002801DD41F080018D
:102C7000514A1088421C504B1A80504A11544D48FA
:102C800000880028DDDC002219460888411C1980D4
:102C90004A490A54042219460888411C19804749A8
:102CA0000A544D2219460888411C198043490A5488
:102CB000512219460888411C198040490A5454225F
:102CC00019460888411C19803C490A54194608884D
:102CD000411C198039490A54042219460888411CAC
:102CE000198036490A54C22219460888411C1980A5
:102CF00032490A54002219460888411C19802F497C
:102D00000A54642219460888411C19802B490A5428
:102D1000002219460888411C198028490A5419467E
:102D20000888411C1A46118024490C5412888818BE
:102D3000224623A1FDF7F4FA1F48008820441E49CB
:102D4000088000220888411C1B4B19801B490A542B
:102D500019460888411C1A46118018490D541288DA
:102D600088182A4624A1FDF7DBFA13480088284476
:102D70001149088000220888411C0F4B19800F4917
:102D80000A5419460888411C1A4611800B490E54F2
:102D90001288881832462249FDF7C2FA0648008890
:102DA00030440549088008460188044800F074F959
:102DB00070BD0000C0000020C200002058090020A3
:102DC0003661383363393634636262306366366243
:102DD00062393761353733625F73746D5F33324602
:102DE0003430375A4554365F305F305F32303236D8
:102DF0003038313830330000366138336339363497
:102E000063626230636636626239376135373362D6
:102E10005F73746D5F3332463430375A4554360031
:102E2000E49200082DE9F0472DED0C8BADF5167DF1
:102E3000B0EE408AF0EE608AB0EE419AF0EE619A10
:102E400006460F4690469946DDF8A8A2002010904D
:102E50000F90FFF7CDFE10A9002000F0FBFE0FA998
:102E6000002000F0AFFE9DF842009DF841109DF853
:102E700040209DF83E30CDE90132CDE903109DF8A8
:102E80003D0000909DF83F3055A2142111A803F099
:102E90001FFA19EE900AFDF7C1FB41EC1A0B19EE6F
:102EA000100AFDF7BBFB41EC1B0B18EE900AFDF777
:102EB000B5FB41EC1C0B18EE100AFDF7AFFB41EC23
:102EC0001D0B11A808A9A1E8C0070D908DED06AB58
:102ED0008DED04BB8DED02CB8DED00DB484A4FF448
:102EE000007116A803F0F4F9492416A8FDF74EFA6C
:102EF000C5B211AA294643A003F0DAF930224A49A3
:102F00000888411C484B198048490A54A01C284491
:102F10004749088000BF464A1088C21700EB52623A
:102F2000D211A0EBC212D1B2414A1088C21700EBF5
:102F30005262D2113E4B1A8018460088002801DDEB
:102F400041F08001384A1088421C374B1A80374ABA
:102F50001154374800880028DDDC00221946088813
:102F6000411C198031490A5419460888411C1A46E7
:102F700011802E490C541288881822462D49FDF7DD
:102F8000CFF9294800882044274908802749264A44
:102F9000128888182A4616A9FDF7C2F92248008827
:102FA00028442149088008460088B0F5007F0AD9E6
:102FB0000846018820A003F07BF90DF5167DBDECD5
:102FC0000C8BBDE8F08718480188184800F064F8B9
:102FD0001548018827A003F06BF900BFEDE700005A
:102FE0003230253032645425303264253032642545
:102FF00030326425303264253032645A00000000DB
:10300000BC9300085B4D5154545D205061796C6F46
:103010006164204C656E3A202564207C2054696DE3
:10302000653A2025730D0A00C200002058090020CF
:10303000C0000020709300085B4D5154545F45520E
:10304000525D20427566666572204F766572666CC9
:103050006F7721204D5154545F4C656E28256429AB
:10306000203E204255465F53495A45283531322982
:103070000D0A00005B4D5154545D202564204279B7
:103080007465732053656E7420746F2055534152DC
:1030900054332E0D0A00000070B504460D462A4632
:1030A0002146024803F055F870BD0000004800407A
:1030B00010B5FFF79DFD4524601D30490880822230
:1030C0002F490888411C2E4B19802E490A5400BFF5
:1030D0002A4A1088C21700EB5262D211A0EBC2122A
:1030E000D1B2264A1088C21700EB5262D211234B8C
:1030F0001A8018460088002801DD41F08001204A2E
:103100001088421C1E4B1A801E4A11541B4800880E
:103110000028DDDC002219460888411C1980194965
:103120000A54012219460888411C198015490A547D
:10313000002219460888411C198012490A54194670
:103140000888411C1A4611800E490C5412888818B0
:1031500022460D49FDF7E4F8094800882044084953
:10316000088000220888411C054B198005490A5433
:10317000184601880348FFF78FFF10BDC0000020EC
:10318000C2000020580900202893000800BFFEE775
:103190007047000070B5002100230F22C4781CB3D3
:1031A000174C246804F4E064C4F5E064C4F3072118
:1031B000C1F10404E3B20A4144789C40E1B284784E
:1031C000144021430C07210E0E4C057861550478FC
:1031D00004F01F050124AC4005786D11AD0005F128
:1031E000E025C5F8004109E0047804F01F0501243A
:1031F000AC40054D0678761145F8264070BD0000BC
:103200000CED00E000E400E080E100E00249014351
:10321000024A1160704700000000FA050CED00E062
:10322000F0B57F2800DD7F207F2900DD7F218842E7
:1032300000DDF0BD072A00DD0722072B00DD072394
:103240009A4200DDF5E714460CE0054606E000264C
:10325000064F07EBC4177E556E1CF5B28D42F6DDA6
:10326000651CECB29C42F0DD00BFE2E744010020A7
:1032700000200CE0002106E00022064B03EBC01307
:103280005A544A1CD1B28029F6DB411CC8B2082826
:10329000F0DB70474401002008B538A003F008F8BF
:1032A000FFF74CFA0020009002E00098401C0090CC
:1032B0003E4900988842F8D378203D49087000F0D4
:1032C000C3F800280DD17A2000F0BEF830B17A2082
:1032D0003749087037A002F0EBFF02E03DA002F092
:1032E000E7FFAE2000F05CF9D52000F059F980200E
:1032F00000F056F9A82000F053F93F2000F050F9F3
:10330000D32000F04DF9002000F04AF9402000F0F1
:1033100047F98D2000F044F9142000F041F9A12074
:1033200000F03EF9C82000F03BF9DA2000F038F94F
:10333000122000F035F9812000F032F9CF2000F0A2
:103340002FF9D92000F02CF9F12000F029F9DB2029
:1033500000F026F9402000F023F9A42000F020F925
:10336000A62000F01DF9AF2000F01AF9FFF780FF4A
:1033700000F07CF827A002F09BFF08BD5B4F4C4596
:10338000445D203E3E3E204F4C45445F496E69748B
:1033900020537461727420285374616E6461726486
:1033A0002042757329203C3C3C0D0A0020A10700F7
:1033B0006D0000205B4F4C45445D204164647265A4
:1033C00073732070726F6265202D3E203078374114
:1033D0000D0A00005B4F4C45445D205741524E4959
:1033E0004E473A204E6F2041434B20617420307885
:1033F0003738206F7220307837412C20636865633E
:103400006B20776972696E672F616464726573738C
:10341000210D0A005B4F4C45445D203E3E3E204F4F
:103420004C45445F496E69742046696E69736865EE
:1034300064207375636365737366756C6C792120A2
:103440003C3C3C0D0A00000070B50446FFF732F921
:103450002046FFF7CBF8FFF7FFF80546FFF74CF9DA
:103460000DB9012070BD0020FCE7000010B500245C
:103470000BE02146002000F00DF8054901EBC410D7
:10348000802100F097F8601CC4B2082CF1DB10BD5D
:103490004401002070B504460D46A01CC4B205F0DE
:1034A0000701B031C8B200F07BF804F00F0000F063
:1034B00077F8102141EA141000F072F870BD000096
:1034C000F0B50B4635E07A2800DD35E0117830297B
:1034D00005DB392903DCA1F12D05EDB208E02D292A
:1034E00001D1012504E03A2901D1022500E000259F
:1034F0002C4600210EE04518802D09DA04EB8405E6
:103500000E4E35446D5C0E4E06EBC3164718F5554E
:103510004D1CE9B20529EEDB411D802905DA0025A5
:10352000074901EBC316411D7554811DC8B2521CD9
:1035300000BF11780029C6D100BFF0BDC0910008BE
:1035400044010020F0B50B4621E0782805DD00207D
:10355000591CCBB2072B00DD1CE011782039CCB20E
:1035600000210DE04518802D08DA0B4D05EBC40550
:103570006D5C0A4E06EBC3164718F5554D1CE9B2B3
:103580000829EFDB00F10801C8B2521C00BF117816
:103590000029DAD100BFF0BDC88E00084401002028
:1035A00038B50446009401226946002000F038F83E
:1035B00038BD000070B504460D4605B104B970BDB4
:1035C00064211548006804F073FF012800D0F6E775
:1035D000FFF770F811480078FFF708F8FFF73CF89C
:1035E0004020FFF703F8FFF737F8002606E0A05D5C
:1035F000FEF7FCFFFFF730F8701C86B2AE42F6DB38
:10360000FFF77AF800231A4619460348006804F0C9
:10361000C7FD00BFD3E70000600000206D00002060
:103620002DE9F04107460D4616466421154800680D
:1036300004F03EFF012801D0BDE8F081FFF73AF821
:1036400011480078FEF7D2FFFFF706F83846FEF77C
:10365000CDFFFFF701F8002406E0285DFEF7C6FF66
:10366000FEF7FAFF601C84B2B442F6DBFFF744F8C1
:1036700000231A4619460348006804F091FD00BF74
:10368000DAE70000600000206D00002001490862B8
:103690007047000000000E4229B1064A126802433A
:1036A000044B1A6004E0034A12688243014B1A601B
:1036B000704700003038024029B1064A12680243C0
:1036C000044B1A6004E0034A12688243014B1A60FB
:1036D000704700004038024029B1064A1268024390
:1036E000044B1A6004E0034A12688243014B1A60DB
:1036F0007047000044380240F0B500210022002449
:10370000022500260223324F3F6807F00C0121B149
:10371000042905D0082937D105E02E4F076036E08F
:103720002D4F076033E02A4F3F1F3F68C7F3805695
:10373000274F3F1F3F6807F03F036EB1264FB7FB8F
:10374000F3F7DFF88CC0ACF1040CDCF800C0CCF36C
:10375000881C07FB0CF40CE01E4FB7FBF3F7DFF8F7
:1037600070C0ACF1040CDCF800C0CCF3881C07FB83
:103770000CF4174F3F1F3F68C7F301477F1C7D00C4
:10378000B4FBF5F7076002E0124F076000BF00BF0F
:103790000F4F3F6807F0F0010909104F7A5C076886
:1037A000D74047600A4F3F6807F4E051890A0B4F42
:1037B0007A5C4768D7408760054F3F6807F46041EF
:1037C000490B064F7A5C4768D740C760F0BD0000E0
:1037D000083802400024F40000127A00A9000020FA
:1037E00010B501460022002300204A11012A02D10F
:1037F0000A4C236808E0022A03D1084C703423687D
:1038000002E0064C7434236801F01F020124944046
:103810001C400CB1012000E0002010BD0038024027
:103820000021094A11701170012802D0042808D122
:1038300003E00121044A117004E00521024A1170DD
:1038400000E000BF00BF70477038024001490860C7
:10385000704700003C0E4742002100F44072B2F570
:10386000407F08D1094A116821F4F811084A024042
:103870001143064A1160054A68321268C0F30B030F
:103880001A43024B68331A60704700000838024040
:10389000FFFCFF0F70B504460E461546214606484C
:1038A00001F032FB3146044801F030FB2946024862
:1038B00001F02EFB70BD00000000014000B58BB090
:1038C00001211020FFF7E8FE01210846FFF704FF61
:1038D0004FF42850099002208DF8280003208DF81D
:1038E000290000208DF82A0001208DF82B0009A95D
:1038F0002848FEF739FD012209212648FEF77CFD04
:1039000001220B212348FEF777FD01220D212148DA
:10391000FEF772FDFE20079040F29320ADF81800EC
:103920000020ADF82000ADF81A0006A91A4801F0F1
:10393000F3FA6020ADF804000120ADF80600002085
:10394000ADF81000039001A9134801F09DF901A9F9
:10395000114801F0E1F901A90F4801F03DFA0821F1
:103960000D4801F0CFF908210B4801F027FA082192
:10397000094801F081FA0121074801F05CF90121B1
:10398000054801F04CF9002211461046FFF782FF6E
:103990000BB000BD001002400000014000B587B030
:1039A000002003900490059006908DF80F000920E8
:1039B0008DF80C0000208DF80D000A208DF80E0007
:1039C0004007059004208DF818004007049003AAD2
:1039D000C10D002000F002FA0020019002904FF487
:1039E0000030019001208DF80A0000208DF80800B9
:1039F00008208DF8090001A8FEF76AFB002000905E
:103A000029208DF8000001208DF8030000208DF89A
:103A1000010001208DF802006846FFF7BBFB012181
:103A2000080300F03FF94FF4807000F07BF80121AB
:103A3000080200F003F807B000BD000038B50246E8
:103A40000024009400230020CA24184D2C60532425
:103A50002C6041B1154C1C3C24681443134D1C3D93
:103A60002C6001201EE0114C1C3C246894430F4D37
:103A70001C3D2C6000BF0D4C183C246804EA122346
:103A8000009C641C0094009CB4F5803F01D0002B86
:103A9000F1D0064C183C246804EA12240CB900202A
:103AA00000E00120FF24014D2C6038BD2428004097
:103AB00010B54FF4805000F0ABF801280AD106A0F1
:103AC00002F0F6FB4FF40030FEF7F0FA4FF48050AE
:103AD00000F036F810BD0000416C61726D5F41204E
:103AE000697320776F726B206E6F772E2E2E000019
:103AF000014600BF080900EB8000420001F00F0002
:103B00001044C0B270470146002204E0501CC2B20B
:103B1000A1F10A00C1B20A29F8DA100741EA1060DF
:103B20007047000081B241F08001044A126802F03F
:103B3000800262EA0101014A116070470C280040CE
:103B4000002101098AB242F08002044B1B6803F095
:103B5000800363EA0202014B1A6070470C280040A0
:103B600008B50022009200200021104A126802F0DD
:103B70004002CAB9421E0D4B1A6000BF0B4A1268C0
:103B800002F04001009A521C0092009AB2F5803F68
:103B900001D00029F2D0054A126802F040020AB1B1
:103BA000012002E0002000E0012008BD0C280040B8
:103BB0000348006820F08000014908607047000059
:103BC0000C28004070B506460C4600250E480068DB
:103BD0000E4900EA0105280CE070C5F3042060706E
:103BE00005F03F00A070C5F3423020705EB9E07868
:103BF000FFF77EFFE0706078FFF77AFF6070A078D3
:103C0000FFF776FFA07070BD042800403FFFFF0063
:103C100030B501460020002200230D4C246804F03A
:103C200004020B4C383C24680C4002EAD1352C438A
:103C300002EA114544EA0503054C343C246804EAD1
:103C400011121BB194B20CB1012000E0002030BD74
:103C50004028004070B506460C4600250F48006815
:103C60000F4900EA0105C5F305402070C5F30620A1
:103C7000607005F07F00A07005F48000000CE0701B
:103C80005EB92078FFF734FF20706078FFF730FFCF
:103C90006070A078FFF72CFFA07070BD0028004076
:103CA0007F7F7F00CA22174B1A6053221A6091B19E
:103CB000144A1C3A126820F004031A43114B1C3BAF
:103CC0001A60104A1C32126800F004031A430D4BAC
:103CD0001C331A6011E00B4A1C3A126820F00403EE
:103CE0009A43084B1C3B1A60064A1C32126800F0CB
:103CF00004039A43034B1C331A60FF22014B1A60E2
:103D0000704700002428004030B504460025CA2032
:103D10001549086053200860FFF722FF00B91DE035
:103D200011481C38006820F040000F491C39086019
:103D300008460068216808430B491C3908600A4995
:103D40001439A068086008460068A18840EA01406C
:103D5000054914390860FFF72BFF0125FF200249B0
:103D60000860284630BD0000242800403EB50121EF
:103D70000807FFF7A1FC0120FFF788FC00240025BD
:103D80000120FFF74DFD00BF4120FFF729FD01286D
:103D9000FAD10002FFF760FD7F24FF250120FFF725
:103DA00055FD00F0E3F9002000900190029001948D
:103DB000029500906846FFF7A7FF3EBD08B5014693
:103DC0000020009004480090009800EB81000090D3
:103DD0000098006808BD0000502800402DE9F0411F
:103DE00005460E461446002765B93648006800F0BF
:103DF000400000B102E00020E07000BFA06800B900
:103E000019E018E02F48006800F0400020B1207849
:103E1000FFF76EFE074602E00020E07000BFA068DA
:103E200020B9207BFFF764FE074604E0207BFFF704
:103E30005FFE074600BF95B120780004617840EA34
:103E40000120A1780843E17840EA0140217B40EA63
:103E50000160A1680843616840EA01071BE020781F
:103E6000FFF751FE4FEA00486078FFF74CFE48EA42
:103E70000028A078FFF747FE48EA0008E07848EA03
:103E80000048207BFFF73FFE48EA0060A168084336
:103E9000616840EA0107CA200A491C3108605320C2
:103EA0000860B6F5807F03D106481430076002E051
:103EB000044818300760FF2002491C310860BDE843
:103EC000F0810000082800402DE9F04105460C462D
:103ED000002600274DB9607800F01000102804D1AA
:103EE000607820F010000A30607005B908E0607852
:103EF000FFF7FEFD0646A078FFF7FAFD064600BF75
:103F000055B1E0780004617840EA0120A1780843C7
:103F1000217840EA413611E0E078FFF7F4FD4FEAFE
:103F200000486078FFF7EFFD48EA0028A078FFF727
:103F3000EAFD48EA0008207848EA4036CA201249DB
:103F4000086053200860FFF70BFE08B9002714E053
:103F50000E4830400C4920390860FFF729FE0A4816
:103F60001C38006800F0200030B900F0FFF808B9F4
:103F7000002702E0012700E00127FF200249086036
:103F80003846BDE8F0810000242800403FFFFF00D4
:103F90002DE9F04105460C46002600274DB92E4874
:103FA000006800F0400000B102E00020E07000BFB7
:103FB0000DE02948006800F0400020B12078FFF7AC
:103FC00097FD064602E00020E07000BF00BF55B13B
:103FD00020780004617840EA0120A1780843E17864
:103FE00040EA014611E02078FFF78DFD4FEA0048D6
:103FF0006078FFF788FD48EA0028A078FFF783FD86
:1040000048EA0008E07848EA0046CA2012491C3114
:10401000086053200860FFF7A3FD08B9002713E0EC
:104020000E4830400C4908390860FFF7C1FD0A48C6
:10403000006800F0200030B900F098F808B90027B7
:1040400002E0012700E00127FF2003491C3108603E
:104050003846BDE8F0810000082800407F7F7F00DF
:10406000CA21054A116053211160034910390860C3
:10407000FF21116070470000242800401FB50E4941
:104080000020FFF7E7FD0D490020FFF79BFD0A48E0
:10409000807809494978084A1278084B9B78CDE91D
:1040A0000032CDE9021005484378C27804A10948DE
:1040B00002F028F91FBD00007000002074000020ED
:1040C00025642D25642D25642025643A25643A2530
:1040D00064202000440500201CB5002001908DF8CC
:1040E000070009208DF8040000208DF805008DF8E8
:1040F000060001A9FFF74CFF002000901A208DF860
:10410000030008208DF801000C208DF80200022029
:104110008DF8000069460020FFF7D6FE1CBD0000A8
:1041200010B54FF48040FFF773FD012818D1FFF759
:10413000A5FF0C480068401C0A4908600846006852
:10414000B0F5616F04D300200860012006490870B3
:104150004FF48000FDF7AAFF4FF48040FFF7F0FC1A
:1041600010BD0000780000207C00002008B500226F
:10417000009200200021CA22134B1A6053221A60B9
:10418000114A183A126822F0A0020F4B183B1A602D
:1041900000BF0D4A183A126802F02001009A521C22
:1041A0000092009AB2F5003F01D00029F1D0064AF2
:1041B000183A126802F020020AB1012000E0002043
:1041C000FF22014B1A6008BD24280040CA210A4A78
:1041D00011605321116008491C39096821F0070159
:1041E000054A1C3A11601146096801431160FF211C
:1041F000014A1160704700002428004018B50146AC
:104200000023009300220020CA23194C236053236B
:10421000236049B1164B1C3B1B6843F48063144C6C
:104220001C3C236001201FE0114B1C3B1B6823F446
:1042300080630F4C1C3C236000BF0D4B183B1B6878
:1042400003F00402009B5B1C0093009BB3F5803FCE
:1042500001D0002AF1D0064B183B1B6803F0040381
:104260000BB9002000E00120FF23014C236018BDA2
:10427000242800400EB50020FFF7C0FF0020019069
:1042800002904FF48000019001208DF80A00002078
:104290008DF8080008208DF8090001A8FDF718FF27
:1042A0000020009003208DF8000001208DF803000D
:1042B00000208DF8010002208DF802006846FEF70C
:1042C00069FF0420FFF782FF0020FFF7C9FE4FF4CB
:1042D0008040FFF735FC01218803FFF7E3FC012054
:1042E000FFF78CFF0EBD000008B500220092044AC3
:1042F0000092009A02EB80020092009A116008BDC1
:104300005028004010B50020FFF758FD09280DD0B7
:10431000FFF72CFDFFF7E0FEFFF740FB092100202F
:10432000FFF7E2FF0FA001F0C3FF17E0012108072C
:10433000FFF7C2F90120FFF7A9F9FFF717FF4FF4C4
:104340008050FFF7FDFB4FF48070FFF7EBFB4FF45D
:104350000030FDF7ABFE09A001F0AAFFFFF78AFFCE
:1043600010BD000052544320466972737420546992
:104370006D6520736574204F4B210A00446F6E27D2
:1043800074206E65656420436F6E67666967757239
:10439000652052544320616761696E0A0000000085
:1043A00000B58BB001210220FFF786F9012104201E
:1043B000FFF772F9002009900A9002208DF828007A
:1043C00000208DF82A004FF40070099000208DF82D
:1043D0002B0003208DF8290009A91D48FDF7C4FF13
:1043E000022209211A48FEF707F8002006900790DC
:1043F0000890ADF82000ADF81A0044F61F60079051
:104400005320ADF8180006A9124800F085FD1421CC
:1044100001A8FBF79EFF6020ADF804000120ADF875
:10442000060000200390ADF8100001A9094800F033
:104430002DFD0821074800F065FC0121054800F02A
:10444000DFFB0121034800F0EAFB0BB000BD0000D8
:10445000000802400004004070B50446B42C00DDA2
:10446000B4240A480088A0420ED0084804804FF4C3
:10447000FA606043B421B0FBF1F000F5FA7529460B
:10448000034800F047FD00BF70BD00007E00002023
:104490000004004030B500228B071C0F0F2303FAE5
:1044A00004F20B4B8C1053F824309343084C8D10BE
:1044B00044F8253023468C1053F824308C07240F01
:1044C00000FA04F42343024C8D1044F8253030BD2B
:1044D000083801400CB50020019000903448006875
:1044E00040F480303249086000BF3148006800F471
:1044F000003000900198401C0190009818B9019874
:10450000B0F5A04FF1D12A48006800F4003010B196
:104510000120009001E0002000900098012846D181
:1045200023484030006840F0805021494031086005
:104530002048006840F440401E4908601C4808308C
:1045400000681B49083108600846006840F40040D4
:1045500008600846006840F4A05008601648091F2B
:104560000860081F006840F08070091F086000BFE5
:104570000F48006800F000700028F9D040F2057084
:104580000E4908600A480830006820F00300084916
:10459000083108600846006840F00200086000BF6B
:1045A00003480830006800F00C000828F8D10CBD62
:1045B000003802400070004008544007003C0240B0
:1045C00010B500BF502080F31188BFF34F8FBFF3A9
:1045D0006F8F00BF04F034F918B14FF080500449D8
:1045E000086000BF002080F3118800BF10BD0000EC
:1045F00004ED00E010B51548006840F47000134960
:1046000008601348006840F001001149086000206C
:104610000F49083108600E4800680E4908400C49EF
:1046200008600D48091D0860081F006820F48020FC
:10463000091F0860002006490C310860FFF74AFF97
:104640004FF0006001498039086010BD88ED00E03E
:1046500000380240FFFFF6FE1030002410B50121A3
:10466000704800F0F7FA01287AD16F48007808B94D
:10467000012000E000206C4908706C480078401C64
:104680006A4908706A480078072818D2DFE800F005
:10469000B6041831527495006348007828B100229E
:1046A0001146FF20FFF7F6F809E0002211461046F8
:1046B000FFF7F0F805214FF4FA60FCF725FDAAE0BA
:1046C0005948007850B1FF2200211046FFF7E2F868
:1046D000052140F2DC50FCF717FD09E000221146ED
:1046E0001046FFF7D7F8002140F2DC50FCF70CFD34
:1046F00091E04E49087800EBD0714910A0EB4101E0
:10470000B9B94948007850B1FF2296211046FFF709
:10471000C1F805214FF47A70FCF7F6FC09E000229D
:1047200011461046FFF7B6F800214FF47A70FCF7F7
:10473000EBFC70E03D480078052190FBF1F201FBB5
:104740001200C0B93848007858B100223221FF2049
:10475000FFF7A0F805214FF41670FCF7D5FC0AE02E
:104760005EE0002211461046FFF794F800214FF456
:104770001670FCF7C9FC4EE02C480078052190FB30
:10478000F1F201FB1200B8B92748007850B1FF22BE
:1047900000210846FFF77EF805214FF4C870FCF7AA
:1047A000B3FC09E0002211461046FFF773F8002120
:1047B0004FF4C870FCF7A8FC2DE01C4800780321DA
:1047C00090FBF1F201FB1200B8B91748007850B124
:1047D000FF2211460020FFF75DF805214FF42F70EE
:1047E000FCF792FC09E0002211461046FFF752F850
:1047F00000214FF42F70FCF787FC0CE00022FF2112
:104800001046FFF747F800210846FCF77DFC002022
:104810000649087000BF00BF0121024800F0FCF902
:1048200010BD000000100040A7000020A8000020DC
:10483000A60000201FB501211020FEF73DFF00203B
:10484000019002900390ADF80C00ADF8060040F224
:10485000E730029042F2CF00ADF8040001A90F4802
:1048600000F05AFB0020009036208DF80000012057
:104870008DF8030006208DF8010000208DF802005D
:104880006846FEF787FC01221146044800F0F3F960
:104890000121024800F0C3F91FBD000000100040D4
:1048A00010B50121A44800F0D5F901287BD1A34817
:1048B0000088B0F57A7F01DC012000E000209F49EC
:1048C000098808449D4908809D480088322801DCF9
:1048D000012000E000209A4909880844984908808E
:1048E00098480088B0F57A7F01DC012000E00020C4
:1048F0009449098808449349088090480088B0F595
:104900007A7F05D101209049087000208B490880EA
:104910008B480088322805D101208C49087000207E
:104920008749088087480088B0F57A7F05D1012043
:104930008749087000208349088080218548FDF759
:104940007EFD60B984480078962801DA012000E0F5
:1049500000208149097808447F49087032E07E4888
:10496000007896280DD17D48007818B101207C4947
:10497000087024E001207949087000207949087006
:104980001DE075480078962819DA734800780028E9
:1049900015DD7248007838B97348007880F001005E
:1049A000714908700BE0C6E06E490978481CC117D0
:1049B00000EB91718910A0EB81016A4A117000200F
:1049C000654908704FF480716248FDF738FD60B9A1
:1049D00066480078962801DA012000E0002063494B
:1049E000097808446149087019E060480078002897
:1049F00015DD5A48007830B1002058490870012070
:104A00005B49087005E05A48007880F00100584979
:104A1000087000205549087001204B4908704FF478
:104A200080614C48FDF70BFDB0B9524800789628DC
:104A300001DA012000E000204E49097808444D4980
:104A400008704648007870B30846007896282AD146
:104A500001204949087026E040480078C8B9454817
:104A60000078962806D14548007880F00100434937
:104A7000087015E03F480078962811DA3D48007824
:104A800000280DDD3E48007880F001003C490870A8
:104A900006E038480078002802DD01203649087019
:104AA0000020344908704FF480512A48FDF7C7FCB4
:104AB000B0B934480078962801DA012000E00020DF
:104AC0003049097808442F4908702448007870B3A9
:104AD0000846007896282AD101202B49087026E044
:104AE0001E480078C8B927480078962806D127487C
:104AF000007880F001002549087015E02148007811
:104B0000962811DA1F48007800280DDD204800782B
:104B100080F001001E49087006E01A48007800285D
:104B200002DD012018490870002016490870012193
:104B3000014800F071F810BD0014004098000020FA
:104B40009C0000209A00002087000020890000209F
:104B50008800002000100240930000208100002007
:104B60009200002097000020800000209400002088
:104B7000820000209500002090000020830000208B
:104B80008400002096000020910000208500002075
:104B9000860000201FB501212020FEF78DFD00209A
:104BA000019002900390ADF80C00ADF8060040F2C1
:104BB000E730029040F24730ADF8040001A90F48F9
:104BC00000F0AAF90020009037208DF800000120A5
:104BD0008DF8030006208DF8010000208DF80200FA
:104BE0006846FEF7D7FA01221146044800F043F860
:104BF0000121024800F013F81FBD0000001400401E
:104C000021B1028842F08002028004E002884FF65F
:104C10007F731A4002807047CA430282704721B1F5
:104C2000028842F00102028004E002884FF6FE731F
:104C30001A400280704731B1B0F8442042F400427B
:104C4000A0F8442005E0B0F84420C2F30E02A0F81A
:104C50004420704730B50246002000230024158A06
:104C600005EA0103958905EA010413B10CB101209D
:104C700000E0002030BD1AB183890B43838102E03C
:104C800083898B438381704770B500240022002301
:104C9000058C4FF6FE7635400584028C8388048BA4
:104CA0004FF68F752C40B51E2C400D882C43751E79
:104CB0002A408D892A434D882A43104DA84202D0AC
:104CC0000F4DA84213D14FF6F7752A40CD892A43DC
:104CD0004FF6FB752A408D882A434FF6FF652B401F
:104CE0004FF6FF552B400D8A2B434D8A2B43838073
:104CF00004838D684563028470BD0000000001409C
:104D0000000401400A460021018B4FF6F773194059
:104D1000114301837047000070B500240022002376
:104D2000058C4FF6EF7635400584028C8388048B22
:104D300048F6FF752C404FF6FF452C400D884FF686
:104D4000FF7606EA05252C434FF6DF752A408D894C
:104D500006EA05152A434D8806EA05152A43154D2E
:104D6000A84202D0144DA8421DD14FF67F752A40AB
:104D7000CD894FF6FF7606EA05152A434FF6BF7533
:104D80002A408D8806EA05152A434FF6FF352B4049
:104D90004FF2FF752B400D8A06EA85052B434D8A9D
:104DA00006EA85052B43838004838D68856302842E
:104DB00070BD000000000140000401400A460021CF
:104DC000018B4FF2FF7319404FF6FF7303EA022382
:104DD000194301837047000070B5002400220023AE
:104DE000058C4FF6FF6635400584028C8388848BE2
:104DF0004FF68F752C404FF6FC752C400D882C43D8
:104E00004FF6FF552A408D894FF6FF7606EA0525B5
:104E10002A434D8806EA05252A43154DA84202D0AB
:104E2000144DA8421DD14FF2FF752A40CD894FF68F
:104E3000FF7606EA05252A434FF6FF352A408D887E
:104E400006EA05252A434EF6FF752B404DF6FF7501
:104E50002B400D8A06EA05152B434D8A06EA0515F7
:104E60002B43838084838D68C563028470BD0000FA
:104E700000000140000401400A460021818B4FF6EA
:104E8000F7731940114381837047000070B5002209
:104E900000230024058C4EF6FF7635400584038CF4
:104EA0008488828B48F6FF752A404FF6FF452A40DA
:104EB0000D884FF6FF7606EA05252A434DF6FF7565
:104EC0002B408D8906EA05352B434D8806EA0535CA
:104ED0002B430A4DA84202D0094DA84208D14BF6F7
:104EE000FF752C400D8A4FF6FF7606EA85152C4398
:104EF000848082838D680564038470BD0000014056
:104F000000040140C162704741637047816370478C
:104F1000C16370470164704700220288184B9842B1
:104F20000ED0184B98420BD0B0F1804F08D0164BE2
:104F3000984205D0154B984202D0154B984204D1A7
:104F40004FF68F731A404B881A43124B984207D082
:104F5000114B984204D04FF6FF431A400B891A4375
:104F600002804B68C3620B880385054B984202D0D0
:104F7000044B984201D18B7A0386012383827047C8
:104F8000000001400004014000040040000800400F
:104F9000000C0040001000400014004008B503F071
:104FA00049FC009000BF00240025002600271421A2
:104FB000FA48006803F07CFA012879D1F8480078B3
:104FC000002876D1F7480078002873D1F64890ED94
:104FD000010ADFEDF60A20EE200AF548D0ED000ABE
:104FE000B4EEE00AF1EE10FA03DD0120F149087099
:104FF0003FE0ED48807800EE100AB8EE400AEE4837
:10500000D0ED000AB4EEE00AF1EE10FA03D202206D
:10501000E84908702DE0E948007818B10320E54917
:10502000087026E0E648D0ED010ADF48407800EE3F
:10503000100AB8EE400AF4EEC00AF1EE10FA03DDF1
:105040000420DC49087014E0DD48D0ED000AD648A1
:10505000007800EE100AB8EE400AF4EEC00AF1EE55
:1050600010FA03DB0520D349087002E00020D14983
:105070000870D448008808B1012000E00020D14920
:105080000988081ACF4908800846008810B900200E
:10509000CA490870C7480078042807D0C548007876
:1050A000022803D0C3480078012804D1012003E07E
:1050B00048E163E024E00020C3494870BD4800781F
:1050C000012804D1087001240125322614E0B948D2
:1050D0000078042803D0B7480078022806D10125BB
:1050E00028260020B8490870002405E00020B649B1
:1050F00008700024002500260020B449087019E13A
:10510000B2480078B0B9B0488078B1490870AE486C
:105110004078B0490870AC480078AF490870A5489D
:10512000007808B1012000E00020AC49087001209F
:10513000A6490870A948007808B1062000E00020C0
:105140009C490870A34800789F494870A04800789F
:105150008870A148007808709D48007808B1B42094
:1051600000E0002007469C4804789A4805780078BB
:1051700008B1322000E000200646DBE098480078C5
:10518000E8B30020964908709648007840B99648E0
:105190000078642804DA94480078401C924908702A
:1051A00090480078012808D18F484078502804DAC8
:1051B0008D484078401C8C4948708A480078022805
:1051C00008D189488078642804DA87488078401CB0
:1051D0008549887083480078032813D1824890ED70
:1051E000010ADFED820AB4EEE00AF1EE10FA09D20C
:1051F00090ED010AF6EE000A30EE200A00E006E02B
:1052000080ED010A7748017879A001F051F88148D2
:105210000078E8B300207F4908707248007840B9F0
:1052200071480078002804DD6F480078401E6E4900
:1052300008706C480078012808D16B484078002835
:1052400004DD69484078401E674948706548007829
:10525000022808D164488078002804DD62488078FC
:10526000401E614988705F480078032813D15E486A
:1052700090ED010AF6EE000AB4EEE00AF1EE10FA43
:1052800009DD90ED010AF6EE000A30EE600A00E05A
:1052900006E080ED010A534801785FA001F008F8AC
:1052A00066480078002838D00020644908704E48CD
:1052B00000783D490978884216D14B4840783A49F0
:1052C0004978884210D1484880783749897888429F
:1052D0000AD1454890ED010A3348D0ED010AB4EEF9
:1052E000600AF1EE10FA09D03F48FCF745FA2E4863
:1052F000FCF78AF952A000F0DBFF02E05AA000F0B0
:10530000D7FF2948FCF780F90020254908700120C3
:10531000624908704AA000F0CBFF6148007848B1AC
:105320002148FCF771F930491F4A05CA05C1002020
:105330005B49087000231A4619461848006802F0B5
:105340002FFF02E057A000F0B3FF15480078D8B94E
:105350005D480078002805DD5B480078401E5A490A
:10536000087014E0F8B2FFF777F80CB1642100E0A0
:105370000021084600F086FF1DB13046FCF7DEFF35
:1053800005E0FCF7CDFF02E005204F49087000BFA3
:105390003221684603F0D2F900BF04E6380000204D
:1053A00081000020800000201800002000007A44C6
:1053B00030000020A600002034000020A2000020C1
:1053C00028000020A4000020140000204C00002031
:1053D000860000208400002085000020830000203B
:1053E0009000002097000020200000200000C8420C
:1053F0005B545F4354524C5D205468726573686F10
:105400006C64204144442E204974656D3A25640D36
:105410000A000000910000205B545F4354524C5D31
:10542000205468726573686F6C64204445432E2075
:105430004974656D3A25640D0A0000009200002051
:105440005B545F4354524C5D205468726573686FBF
:105450006C6420534156454420262052656C6F6190
:105460006465642E0D0A00005B545F4354524C5D2A
:10547000205468726573686F6C6420756E63686130
:105480006E6765642C20736B697020454550524FE0
:105490004D2077726974652E0D0A00008700002088
:1054A000820000205B545F4354524C5F4552525D72
:1054B000204D757465782054616B652054696D6565
:1054C0006F7574210D0A00004D0000202DED028B38
:1054D000A2B003F0AFF9039000BF3221DD480068AD
:1054E00002F0E6FF01287BD1DBA200210846FEF78F
:1054F00029F8DE48007828B9DDA201211820FEF73E
:1055000021F806E0FEF7BAFDDC4A01211B20FDF779
:10551000D7FFDB480078002878D1DA4800780028E7
:1055200075D1D948007840B1072301227F2100209E
:10553000FDF776FE0020D4490870D44890ED000AAB
:10554000DFEDD30AB4EEE00AF1EE10FA08DC90EDDC
:10555000010ADFEDCF0AB4EEE00AF1EE10FA22DD27
:10556000CA4890ED000A10EE101A0846FBF756F8EC
:1055700041EC180B8DED008BC6A214211DA800F084
:10558000A7FEC24890ED010A10EE101A0846FBF77C
:1055900045F841EC180B8DED008BC2A2142118A820
:1055A00000F096FE09E0C3A214211DA800F090FEB1
:1055B000C4A2142118A800F08BFE1DAA0221082005
:1055C000FDF7C0FF18AA03210820FDF7BBFFC14863
:1055D0000068FBF723F841EC180B8DED008B00E021
:1055E00032E1BDA2142109A800F072FE09AA04212B
:1055F0000820FDF7A7FFBC4890ED000ADFEDBB0ACD
:10560000B4EEE00AF1EE10FA08DB01E0A1E047E0B9
:10561000B7A2142113A800F05BFE2BE0B24890ED76
:10562000000ADFEDB70AB4EEE00AF1EE10FA14DB7F
:1056300090ED000ADFEDB20A80EE201A11EE104A5A
:105640002046FAF7EBFF41EC180B8DED008BADA275
:10565000142113A800F03CFE0CE0A3480068FAF700
:10566000DDFF41EC180B8DED008BAAA2142113A8CD
:1056700000F02EFE13AA05210820FDF763FFA948BC
:10568000007808B1A8A000E0ABA0024606210820DF
:10569000FDF758FFACA207214820FDF753FF4CE06F
:1056A0007948007840B1072301227F210020FDF7CF
:1056B000B7FD002074490870A548007808B1A5A07E
:1056C00000E0A7A0024602210820FDF73BFFA0480A
:1056D000407808B1A5A000E0A7A002460321082059
:1056E000FDF730FFA7480078FCF7B8FE04462346D4
:1056F000A5A214210EA800F0EBFD0EAA042108209B
:10570000FDF720FF9F48007808B9A2A000E0A4A000
:10571000024605210820FDF715FF8D48807808B165
:10572000A2A000E0A5A0024606210820FDF70AFF7E
:10573000A6A207214820FDF705FFA648007808B17A
:10574000A5A000E0A6A0024607210020FDF7FAFE72
:1057500071E04D48007840B1072301227F210020ED
:10576000FDF75EFD0020484908709FA2022100203D
:10577000FDF7E8FEA14800780090A148007808B93C
:105780003E2000E0202003469EA2142104A800F041
:105790009FFD04AA03210020FDF7D4FE974840781E
:1057A000009097480078012801D13E2000E0202099
:1057B000034698A2142104A800F08AFD04AA04213B
:1057C0000020FDF7BFFE8D48807800908C4800785F
:1057D000022801D13E2000E02020034691A214219E
:1057E00004A800F075FD04AA05210020FDF7AAFE1B
:1057F000824890ED010A10EE101A0846FAF70EFFE3
:1058000041EC180B8DED008B7D480078032801D109
:105810003C2000E02020034686A2142104A800F0CA
:1058200057FD04AA06210020FDF78CFE86A2072161
:105830000020FDF787FE00231A4619460548006838
:1058400002F0AEFCFDF712FE00BFC82103A802F073
:1058500075FF42E63800002057617265686F757306
:10586000652053797374656D00000000BE00002050
:1058700077616974696E672E2E2E00004405002042
:1058800081000020820000208700002028000020E6
:105890000AD7233C2D48756D693A252E316625259A
:1058A000202000002D54656D703A252E316643206E
:1058B000200000002D48756D693A496E69742E2EDE
:1058C0002E2000002D54656D703A496E69742E2E9D
:1058D0002E200000340000202D4761733A252E3120
:1058E0006625252020000000300000200050C3471E
:1058F0002D466972653A20536166652020200000BC
:1059000000007A442D466972653A252E31666B2077
:10591000202000002D466972653A252E3066204F02
:10592000686D2000A20000202D537472616E6765BF
:10593000723A496C6C0000002D537472616E676599
:10594000723A4E6F7200000050616765312F32006D
:10595000140000202D57617465723A6F6E2020008C
:105960002D57617465723A646F776E002D46616ED3
:105970003A20206F6E2020002D46616E3A20206470
:105980006F776E00A60000202D4C45443A20257309
:10599000000000002D426565703A20646F776E004C
:1059A0002D426565703A206F6E2020002D4761748E
:1059B000653A206F6E202020202020002D47617442
:1059C000653A20646F776E202000000050616765A3
:1059D000322F3200800000204D616E75616C000036
:1059E0004175746F202000003D3D3D2053657420BB
:1059F0004C696D6974203D3D0000000020000020CE
:105A0000970000202563312E48756D69203A2025C6
:105A1000642525002563322E54656D70203A2025BB
:105A2000642043002563332E47617320203A2025EC
:105A3000640000002563342E46697265203A2025F3
:105A40002E31666B000000004B313A4974656D20C1
:105A50004B332F343A2B2D002DED048B82B04FF4B5
:105A6000FA7002F081F8FBF781FF00203C490870D2
:105A700002F0E0FE019000BF39480078A0B100209C
:105A80003749087037A1384800F08AFB4FF47A7024
:105A900002F06AF8FCF7FEF834A135A0FCF7BEF876
:105AA00037A138A0FCF7BAF89FED398ADFED388AC4
:105AB0009FED379ADFED369A002400250026002757
:105AC000A04632213348006802F0F2FC01283BD1A5
:105AD000314890ED000AB0EE408A90ED010AF0EEF8
:105AE000408A2E4890ED000AB0EE409A2C4890ED86
:105AF000000AF0EE409A2B484478857806782A48C8
:105B000007782A4890F8008000231A461946214851
:105B1000006802F045FBB8F1000F01D0012000E061
:105B200000203B463246294600902046F0EE691A96
:105B3000B0EE491AF0EE680AB0EE480AFDF772F9C5
:105B40001BA000F0B5FB02E021A000F0B1FB00BFFC
:105B50004FF4FA6101A802F0F1FD00BF8CE70000EC
:105B60007C0000202B2B2B00004800404F4B0000F6
:105B700041542B4349504D4F44453D3100000000F6
:105B80003E00000041542B43495053454E44000011
:105B90000000000038000020280000203000002015
:105BA0003400002014000020A6000020A2000020E5
:105BB0005B4E45545D204D515454205075626C69C4
:105BC000736820436F6D706C657465642E0D0A00F8
:105BD0005B4E45545F4552525D204C6F636B2054C1
:105BE000616B652054696D656F7574202878446118
:105BF00074614D75746578206F6363757069656451
:105C000020746F6F206C6F6E6721290D0A000000F1
:105C10002DED028B84B002F00DFE039000BFFBF768
:105C2000C7FB8DED010ACDED020A0520FCF7F2FD60
:105C3000B0EE408A0520FCF7EDFEF0EE408A3221FE
:105C40001648006802F034FC01281ED19DED020ABE
:105C5000B5EEC00AF1EE10FA06DC9DED010AB5EED4
:105C6000C00AF1EE10FA03DD0D48DDE9011206C0AD
:105C70000C4880ED008A0C48C0ED008A00231A46CB
:105C800019460648006802F08BFA00BF4FF4FA711B
:105C900003A802F053FD00BFC1E700003800002058
:105CA00028000020300000203400002010B50446F9
:105CB00000210B48FBF75CFC00BF0948FBF763FCC5
:105CC0000028FAD1A1B20648FBF79AFC4FF0205108
:105CD0000348FBF719FC01210148FBF749FC10BD03
:105CE000B864024010B540F225511D4800F06CF92F
:105CF000012833D11A4800F021FA1A4908701A48CD
:105D00000088B0F5FF7F09D8084601781648028858
:105D10000088401C144B18801448815411480078A6
:105D20000A2803D00F4800780D2812D100200F490F
:105D30000D4A128888540EA10C48FAF715FB28B1B9
:105D400001200E4908703C200D49088000200649BA
:105D5000088040F22551024800F00EF910BD000005
:105D6000001001409E000020A000002058050020E7
:105D7000535452414E47455200000000A2000020FB
:105D8000A400002010B588B0044601210846FDF7A4
:105D900083FC01211020FDF79FFC4FF4007006905A
:105DA00002208DF81C0000208DF81E0001208DF8C7
:105DB0001F0003208DF81D0006A92148FCF7D4FA26
:105DC0004FF48060069002208DF81C0006A91C4844
:105DD000FCF7CAFA072209211948FCF70DFB072234
:105DE0000A211748FCF708FB02940020ADF81000C8
:105DF000ADF80C00ADF80E00ADF814000C20ADF8B5
:105E0000120002A90F4800F02FF9012240F225519B
:105E10000C4800F003F925208DF8040001208DF8CE
:105E2000070006208DF8050000208DF8060001A867
:105E3000FDF7B0F90121034800F0ADF808B010BD3E
:105E4000000002400010014010B540F22551054805
:105E500000F0BAF820B140F22551024800F08CF869
:105E600010BD00000044004010B540F225510F481D
:105E700000F0AAF8C8B10D4800F060F9C4B20C48AF
:105E80000088B0F5FF7F06D809490888411C084AF8
:105E9000118008490C542146074800F054F940F29B
:105EA0002551024800F068F800BF10BD00480040CE
:105EB000BA000020580700200010014010B588B03B
:105EC000044601210220FDF7E7FB01218804FDF7CC
:105ED000F3FB07220A212648FCF78EFA07220B2142
:105EE0002348FCF789FA02208DF8080003208DF87A
:105EF000090000208DF80A0001208DF80B008002B7
:105F0000019001A91A48FCF72FFA4FF400600190A4
:105F100001A91748FCF728FA04940020ADF81400F2
:105F2000ADF81600ADF81800ADF81C000C20ADF867
:105F30001A0004A90F4800F097F827208DF80C00EC
:105F400000208DF80D0006208DF80E0001208DF840
:105F50000F0003A8FDF71EF90121064800F01BF809
:105F6000012240F22551034800F058F808B010BD56
:105F7000000402400048004010B50022002340F613
:105F80006A14A14200D100BF0A1201249440A3B2B6
:105F9000DC43048010BD21B1828942F40052828129
:105FA00004E082894DF6FF731A40828170470246F1
:105FB0000020B1F5007F00D100BF13880B400BB16A
:105FC000012000E00020704770B502460024002345
:105FD0000025002040F66A16B14200D100BFC1F38F
:105FE000421501F01F03012606FA03F3012D02D129
:105FF0009689334006E0022D02D1168A334001E033
:10600000968A33400C12012606FA04F416883440AE
:1060100013B10CB1012000E0002070BDF0B50346C3
:10602000002400260025002040F66A17B94200D15E
:1060300000BF1846C1F3421401F01F06012707FAFA
:1060400006F5012C01D10C3004E0022C01D11030F6
:1060500000E014301AB107682F43076002E00768B8
:10606000AF430760F0BD00002DE9FF4705460E462F
:106070000024A14600BFA046B08900B100BF2C8A11
:1060800024F44054F08804432C82AC8941F20C6023
:106090008443B08831890843718908430443AC8143
:1060A000AC8A24F44074B0890443AC826846FDF79E
:1060B00023FB2048854202D01F48854202D1DDF8EB
:1060C0000C9001E0DDF80890A88900F4004040B190
:1060D00009EBC90000EB091031684900B0FBF1F78A
:1060E00007E009EBC90000EB091031688900B0FB3B
:1060F000F1F76420B7FBF0F004012009642101FBF3
:106100001078A88900F4004040B1322000EBC800AC
:10611000B0FBF1F000F00700044308E0322000EB90
:1061200008106421B0FBF1F000F00F0004432C8153
:10613000BDE8FF8700100140001401400146888837
:10614000C0F308007047C1F308028280704700BFA7
:10615000FEE72DE9F04107460D461646002405E00E
:10616000295D384600F00DF8601C84B2B442F7DBBC
:1061700000BF40213846FFF71AFF0028F9D0BDE8DC
:10618000F08170B504460D4629462046FFF7DBFF37
:1061900000BF80212046FFF70AFF0028F9D070BD1C
:1061A00070B506460C46002500BF615D3046FFF71E
:1061B000E8FF6D1C605D0028F7D100BF402130462C
:1061C000FFF7F5FE0028F9D070BD000000B58BB0D8
:1061D00001210220FDF770FA01210420FDF75CFA8D
:1061E000002009900A9002208DF8280000208DF8E8
:1061F0002A004FF48070099000208DF82B000320B6
:106200008DF8290009A91D48FCF7AEF802220821E3
:106210001A48FCF7F1F80020069007900890ADF8B6
:106220002000ADF81A0044F61F6007905320ADF827
:10623000180006A91248FEF76FFE142101A8FAF70C
:1062400088F86020ADF804000120ADF806000020B9
:106250000390ADF8100001A90948FEF7BDFD082123
:106260000748FEF709FE01210548FEF7C9FC012198
:106270000348FEF7D4FC0BB000BD0000000802404C
:106280000004004010B50446C82C01DDC82404E019
:1062900014F1C80F01DA6FF0C70440F2DC50052298
:1062A00002FB14010148FEF733FE10BD000400405C
:1062B0000FB4054B10B503A9044A029800F008F981
:1062C00010BC5DF814FB0000456C00084001002084
:1062D0000FB47CB50C0009AD01D0611E00E00021B7
:1062E000CDE90001064B6A462946089800F0F0F80F
:1062F000002C02D0009A002111707CBC5DF814FBC8
:10630000D76B00080FB4084B10B504A902AA039874
:1063100000F0DEF8044602A9002000F067FC2046E9
:1063200010BC5DF814FB0000ED6B000802E008C82B
:10633000121F08C1002AFAD170477047002001E0FF
:1063400001C1121F002AFBD1704700002DE9FF5F39
:1063500082B00021DDE90430020DDDF840B00343D6
:1063600018D044F61050A2F2FF324243151411988F
:1063700001281FD0A5EB0B00401C5FEA000A4FF07C
:1063800000064E4FDFF83891B046504615D5CAF199
:10639000000413E0119801244AA3012801D16FEAF7
:1063A0000B010298119AC0E90031C0E9024206B01F
:1063B000BDE8F09FCBF10000DFE704460021404A32
:1063C000491842EB0450CDE9001012E0E00707D075
:1063D00032463B4640464946FAF763FA80468946CC
:1063E00032463B4610461946FAF75BFA06460F4618
:1063F0006410002CEAD1DDE90401DDE90023BAF1E3
:10640000000F06DAFAF74DFA42464B46FAF749FA18
:1064100005E0FAF7B8FA42464B46FAF7B4FA0446F2
:106420000E460022284BFAF735FB03D84FF0FF3019
:10643000014607E00022254B20463146FAF78AF94B
:10644000FAF710FB102409E0002C0ADB0A220023D3
:10645000FAF70DF9039B30321A55641E50EA010217
:10646000F2D1641C039AC4F111031444119A012A55
:1064700003D0012208430DD10AE0084304D00020D4
:106480004FF0110B119072E7A3EB0B056D1E0DE0A1
:106490005B4504DD4FF0000205F1010504E003DA7D
:1064A0004FF00002A5F10105002AECD002981199E5
:1064B000C0E90231C0E9004579E70000000014405E
:1064C0000000F03F300000000000F0430000E03F1B
:1064D0002DE9FF4F95B09A46884606460025EEE125
:1064E000252877D100242746F94A0121039400E0AA
:1064F000044316F8013F203B01FA03F01042F7D1A4
:1065000030782A2811D06FF02F033078A0F13002B4
:10651000092A16D8039A44F0020402EB820203EB24
:1065200042021044761C0390EFE758F8042B0392C4
:10653000002A03DA504244F40054039044F0020469
:10654000761C30782E2816D116F8010F44F004047A
:106550002A280DD06FF02F023078A0F13003092BDC
:1065600009D807EB870302EB4303C718761CF3E750
:1065700058F8047B761C30786C280FD006DC4C2849
:1065800017D068280DD06A2814D104E0742810D0E0
:106590007A280FD10DE044F400140AE044F480148A
:1065A00001E044F440147278824202D104F5801470
:1065B000761C761C307866280BD013DC582877D0F0
:1065C00009DC002875D04528F6D04628F4D04728A5
:1065D0001AD193E118E0632835D0642879D0652872
:1065E00012D18BE1702873D008DC6728F1D06928BC
:1065F0006FD06E280DD06F2806D1ACE073282CD058
:10660000752874D0782853D05246179990476D1C3E
:1066100054E1C4F30250022809D003280DD0D8F861
:10662000001004280DD00D6008F1040846E1D8F8E8
:106630000010EA17C1E90052F6E7D8F800100D8003
:10664000F2E70D70F0E718F8041B8DF80010002039
:106650008DF80100EB46012003E058F804BB4FF031
:10666000FF3061074FF0000102D40DE009F1010194
:106670008946B9420FDA8145F8DB1BF80910002979
:10668000F4D108E009F1010189468142FADB1BF8E7
:1066900009100029F6D103985346A0EB09072146BB
:1066A0003846179A00F080FA284400EB090507E005
:1066B00044E008E10DE01BF8010B524617999047A2
:1066C000B9F10109F7D2534621463846179AF2E04C
:1066D00039E00A21C4F302524FF0000B0091022A64
:1066E00006D058F8040BC117032A09D00AE023E0AA
:1066F00008F1070020F00702F2E80201904605E0E9
:1067000000B2C117042A01D140B2C117002906DA2C
:106710000A460021404261EB02012D2202E02205DF
:1067200004D52B228DF80420012203E0E20701D0DA
:106730002022F7E7914657E00A2100E010214FF0B0
:10674000000B00910BE010214FF0000B44F004040B
:106750000827009103E008204FF0000B0090C4F3DD
:106760000252022A05D058F8040B0021032A08D04F
:1067700008E008F1070020F00702F2E80201904665
:1067800003E080B2042A00D1C0B24FF00009220712
:106790002AD53278702A07D0DDF800C08CF0100CB2
:1067A0005CEA0B0C05D00EE040228DF8042001229B
:1067B00008E050EA010306D030238DF804308DF84C
:1067C000052002229146009B83F0080353EA0B0345
:1067D0000AD150EA010201D1620705D530228DF8B5
:1067E00004204FF001097F1E3278582A04D039A2C4
:1067F0000C920CAA02920BE03BA2F9E75B46009ACE
:10680000F9F735FF0C9B9B5C029A521E02921370A3
:1068100050EA0102F2D1029804A9081A00F1200BF3
:10682000600702D524F4803400E001275F4502DDD3
:10683000A7EB0B0000E0002000EB0B010090039899
:106840004944401A0390E00306D453462146179A60
:10685000039800F0A9F90544002706E001A8524674
:10686000C05D179990476D1C7F1C4F45F6DBE00318
:106870000CD553462146179A039800F095F9054424
:1068800004E030205246179990476D1C0099481E2D
:1068900000900029F5DC08E0029802995246007841
:1068A000491C0291179990476D1CBBF10001ABF197
:1068B000010BF1DC5BE100F065F90544761C3078F2
:1068C00000287FF40DAE19B02846BDE8F08F000017
:1068D00009280100303132333435363738396162B6
:1068E000636465660000000030313233343536377A
:1068F000383941424344454600000000600700D457
:10690000062708F1070020F00700F0E80223804680
:1069100003F0004C5FEA0C0001D097A009E02005CD
:1069200001D596A005E0E00701D095A001E0AFF207
:106930004C001390307823F0004365280CD006DC1F
:10694000452809D046281DD047287FD13BE066283E
:1069500018D067287AD136E00021112F01DB1120F1
:1069600000E0781CCDE9000104A90CA8FFF7EEFCBB
:10697000DDE90D010C9A4FF0000B07F101091092AF
:1069800000914EE04FF000400097CDE9011004A9BE
:106990000CA8FFF7DBFCDDE90D020C9B0F994FF013
:1069A000000B91461093009211B9791C00EB01097C
:1069B000B7EB090003D4C0F1FF3B07F10109A9EBD4
:1069C0000700019042E0012F00DA01270021112F7A
:1069D00001DD112000E03846CDE9000104A90CA832
:1069E000FFF7B4FCDDE90D010C9A00914FF0000BAC
:1069F000B946109221070FD4009A4A4503DA91460E
:106A000001E0A9F10109B9F1010F05DD109AA9F121
:106A10000101515C3029F4D0B84202DA10F1040FC0
:106A200003DA0121CDE9011010E0002803DC8344E2
:106A3000A9EB000102E0411C494500DD8946A0EBBD
:106A40000B00401C01904FF000400290200705D43D
:106A50000198484502DB4FF0FF30019000208DF88F
:106A60004B0002980DF14B07B0F1004F25D00220EA
:106A70000C902B200D90029800280CDA40420290D6
:106A80002D200D9007E00A210298F9F7DAFD303148
:106A9000029007F8011D0C99481E0C900029F2DCA9
:106AA00002980028EFD1791E0D980870307800F018
:106AB000200040F0450007F8020D11A8C01BC01DC2
:106AC00002901398007800B1012000EB09010198B1
:106AD00001EBE071029801440398401A401E0390B4
:106AE000E00306D453462146179A039800F05CF859
:106AF00005441398007818B15246179990476D1CB9
:106B0000E00323D553462146179A039800F04CF82A
:106B100005441BE0BBF1000F07DB0098584504DD7E
:106B20001098179910F80B0001E017993020524681
:106B3000904701980BF1010B401E05F101050190F2
:106B400004D12E205246179990476D1CB9F10001CF
:106B5000A9F10109DEDC05E017F8010B524617998F
:106B600090476D1C0299481E02900029F4DC5346A0
:106B70002146179A03989EE62D0000002B00000086
:106B8000200000002DE9F041044600251E4617466E
:106B9000880404D405E039462020B0476D1C641EEB
:106BA000F9D52846BDE8F0812DE9F04104460025DD
:106BB0001E469046C80301D5302700E020278804F0
:106BC00004D505E041463846B0476D1C641EF9D532
:106BD0002846BDE8F0814A68002A06D00A68531C9E
:106BE0000B6010704868401E486070470A68531C6C
:106BF0000B601070704700B5034603E04FF47A70E5
:106C000000F005F8181EA3F10103F7D100BD002123
:106C10004FF0E0221161C0EBC00101EB4101516175
:106C2000002191610121116100BF4FF0E02109694C
:106C300001F480310029F8D000214FF0E0221161E9
:106C40007047000070B504460D46E1B20548FFF7F5
:106C50007AFA00BF80210348FFF7A9F90028F9D08C
:106C6000204670BD001001402DED028B82B04FF424
:106C70004070FCF7CBFA4FF4E130FFF783F84FF4A4
:106C8000E130FFF71BF9FAF75BFAFBF771FEFBF750
:106C900069FAFDF7CFFDFDF77DFF00214FF0804041
:106CA000FEF732F9FDF77CFBFBF7DAFAFDF72AFB7A
:106CB000FCF7F2FAFFF78AFAFBF71AFEFBF752FF2E
:106CC000FCF7FCFD2748FAF79FFC2749254A05CA2F
:106CD00005C1244890ED010A10EE101A0846F9F794
:106CE0009DFC41EC180B8DED008B1E48837842789B
:106CF00001781E48FFF7DCFA012001F09FF91C49DA
:106D000008600846006800282AD01A480421002399
:106D10008A01CDE9001018A1194801F0DBFC1948DF
:106D2000032100234FF48072CDE9001016A118480A
:106D300001F0D0FC1748022100230A02CDE900101F
:106D400015A1174801F0C6FC1648012100234A028C
:106D5000CDE9001014A1164801F0BCFC01F01EF8AA
:106D600000BFFEE718000020200000204492000829
:106D70003800002040000020436F6E74726F6C007A
:106D80009D4F00083C00002053656E736F72000039
:106D9000115C0008480000204E6574776F726B002C
:106DA000595A000844000020446973706C617900EE
:106DB000CD5400082DE9F04105460E4626480768E7
:106DC00026480068001D00F099FD50B9234800686E
:106DD00090F82C10012088402149096881432048FF
:106DE0000160681CD8B9D6B11E4948681B490968BA
:106DF00088601A4982680968CA6018490968091DCB
:106E00008268516015490968091D8160154A134956
:106E100009684A6111460968491C11601AE07C1929
:106E20000E4800684460BC4207D20C480168091D46
:106E30000D48006800F086FD0CE008480168091D57
:106E40000A48006800F07EFD09480068844201D2CB
:106E500007480460BDE8F081D8000020C40000208D
:106E6000DC0000204C0C0020CC000020C8000020DA
:106E7000F400002010B5044600F07EFD31480068A3
:106E8000401C304908603048006840B92E48046012
:106E90000846006801280DD100F00AFA0AE02B48E4
:106EA000006838B928480068C06AE16A884201D899
:106EB0002548046026480068401C254908600846AB
:106EC0000068206494F82C1001208840214909684A
:106ED000084320490860E16A01EB81011E4A02EB88
:106EE00081014868A0608268E260211D826851606B
:106EF0008160E16A01EB8101174A02EB8102626164
:106F0000E16A01EB8101144A52F82110491CE26A3E
:106F100002EB8202104B43F8221000F057FD0B48A1
:106F2000006868B108480068C06AE16A884207D210
:106F30004FF0805009490860BFF34F8FBFF36F8F48
:106F400010BD0000D4000020C4000020E00000209C
:106F5000F0000020DC000020980B002004ED00E091
:106F600010B500F009FD10480068D0B90F4800F0D6
:106F7000D9FC0F4800F0D6FC0C480E4908600C48BC
:106F80000D49086000220C210A2001F068F806492A
:106F900008600846006820B108A10348006800F0B6
:106FA0008DFD00F013FD10BD0C010020600C0020D1
:106FB000740C00200401002008010020546D72515F
:106FC0000000000010B516E000F0D6FC0C48C068C8
:106FD000C468201D00F092FC0A480068401E094960
:106FE000086009480068401E0749086000F0EEFC90
:106FF000204600F05FF8044800680028E4D110BD86
:10700000380C0020D4000020D000002070B50446C9
:107010000D46206C70B1216CE0680144E160D4E958
:107020000210884201D32168E1602846226CE168A1
:10703000F9F776F970BD2DE9F04104460F46154683
:107040004FF00008A66B206C48B9206800282CD1AE
:10705000A06801F0D3FC80460020A06025E07DB947
:107060003946226C6068F9F75BF9216C6068084466
:107070006060D4E90101884217D32068606014E0A1
:107080003946226CE068F9F74BF9216CE068411A47
:10709000E1602168E068884203D2216CA068411A4F
:1070A000E160022D01D106B1761E701CA06340463E
:1070B000BDE8F08110B50446206B00F0A5FC204629
:1070C00000F0A2FC10BD01464A6A22B10A6B1268A8
:1070D000C2F1050000E00020704700000146084AA8
:1070E000126812680AB9012200E000220A600A68E8
:1070F00022B9034A1268D268106800E00020704785
:107100000401002030B54FF44843154800F007044F
:107110002CB1C01D20F00700114C041B1B1B0246A4
:10712000104C226000240F4D6C60D018083820F0FD
:1071300007000D4C206000240B4D2D686C600A4D3B
:107140002D682C601146441A4C60074C24680C6072
:10715000064D4C682C60064D4C682C6030BD00001C
:10716000880C0020180100202001002028010020A8
:107170002401002000BFFFF725FF06480068012812
:10718000F9D94FF0805004490860BFF34F8FBFF327
:107190006F8FF0E7980B002004ED00E010B5044677
:1071A00054B10020A06020600021E16000231A4655
:1071B0001946204600F0F4FF10BD2DE9F0410646C7
:1071C0000D4617469846069C0DB9246000E02760DE
:1071D000E66325640121204600F074FF84F84C80AA
:1071E000BDE8F0812DE9F05F82460F4690469B4650
:1071F0000A9E0C9C4FEA8801A522206BF9F7A2F8A1
:10720000A8F10100216B01EB800929F0070909F0C1
:10721000070008B9012000E0002050B900BF50204D
:1072200080F31188BFF34F8FBFF36F8F00BF00BF94
:10723000FEE77FB1002507E0795D04F13400415598
:10724000785D00B902E06D1C0A2DF5D300BF002166
:107250003D200155052E01D2012000E0002050B94B
:1072600000BF502080F31188BFF34F8FBFF36F8FA3
:1072700000BF00BFFEE7052E00D30426E662A66429
:10728000201D00F05CFB04F1180000F058FB2461A5
:10729000C6F10500A06164625A465146484600F0B6
:1072A00017FB20600B9808B10B980460BDE8F09FB5
:1072B00010B5002407E004EB84010F4A02EB8100C3
:1072C00000F030FB641C052CF5D30C4800F02AFBC1
:1072D0000B4800F027FB0B4800F024FB0A4800F0A5
:1072E00021FB0A4800F01EFB0448094908600448D5
:1072F0000849086010BD0000980B0020FC0B00201E
:10730000100C0020240C0020380C00204C0C002015
:10731000C8000020CC00002010B50146164800E04F
:10732000006803688B42FBD30246436813448B42D8
:1073300004D143684C682344436001460A464B68C5
:1073400013440468A34211D10C4C03682468A3427F
:1073500008D04B680468646823444B6003681B686A
:107360000B6005E0054B1B680B6001E003680B60D8
:10737000884200D0016010BD1801002020010020CB
:107380002DE9F04104460D4616461F464FF0000811
:1073900065602461B5420CD8F01BA169884202D314
:1073A0004FF0010811E0211D0948006800F0CAFAF9
:1073B0000BE0BE4204D2BD4202D34FF0010804E00C
:1073C000211D0448006800F0BDFA4046BDE8F08188
:1073D000080100200401002070B5054600F0CCFA39
:1073E000A86B08B9012400E0002400F0EFFA204661
:1073F00070BD70B5054600F0BFFAA86BE96B884216
:1074000001D1012400E0002400F0E0FA204670BD24
:1074100070B505460E460E480068C068C468201D59
:1074200000F06CFA94F8280000F0040028B132460D
:107430002946204600F0D6F805E094F8280000F030
:10744000FE0084F828002046216A884770BD0000AD
:10745000040100207FB57FE0019800287CDB039CBD
:10746000606908B9012000E0002010B9201D00F07B
:1074700045FA684600F0E2F8054601980A2869D204
:10748000DFE800F06805072E365806082F3700BFE2
:1074900000BF00BF94F8280040F0010084F82800E5
:1074A0000298A269811803462A462046FFF768FF22
:1074B000A8B194F8280000F0040038B10298A2693D
:1074C00081182A46204600F08DF805E094F828003F
:1074D00000F0FE0084F828002046216A88473AE040
:1074E00000BF94F8280000F0FE0084F8280032E085
:1074F00000BF94F8280040F0010084F828000298AA
:10750000A061A06908B1012000E0002050B900BFCF
:10751000502080F31188BFF34F8FBFF36F8F00BFF0
:1075200000BFFEE7A06941192B462A462046FFF717
:1075300027FF10E094F8280000F0020018B9204658
:1075400000F062FA05E094F8280000F0FE0084F8EC
:10755000280000E000BF00BF002201A90348006826
:1075600000F0F2FE00287FF477AF7FBD0C01002011
:10757000F8B505460C4600F05FFC684600F05EF882
:107580000646009820BB44B9B54206D801F0B4FBCA
:1075900031462846FFF73CFF1CE03CB10E4800682E
:1075A000006808B9012000E000200446A91B22461B
:1075B0000A48006800F0B2FA01F09EFB50B94FF0A3
:1075C000805007490860BFF34F8FBFF36F8F01E012
:1075D00001F092FBF8BD0000080100200C01002022
:1075E00004ED00E070B504460D46164604E0A069BF
:1075F00005442046216A8847A06941192B46324636
:107600002046FFF7BDFE0028F1D170BD0948006893
:10761000006808B9012000E0002020B14FF0FF30E1
:107620000549086005E003480068C0680068024931
:1076300008607047C8000020F400002070B50446C0
:1076400001F0F8F8054607480068854204D200F0CA
:107650000BF80120206001E0002020600148056057
:10766000284670BD1401002070B508E00D48006880
:10767000C06804684FF0FF312046FFF7C9FE094893
:107680000068006808B9012000E000200028EDD063
:10769000044805680448006802490860024805601B
:1076A00070BD000004010020080100200E480068A1
:1076B000401C08B9012000E0002050B900BF502054
:1076C00080F31188BFF34F8FBFF36F8F00BF00BFF0
:1076D000FEE700BF502080F31188BFF34F8FBFF348
:1076E0006F8F00BF00BFFEE73401002008B500BF68
:1076F0006846FFF7F3FC044620460099FFF738FF81
:10770000FFF7A8FEF4E770B5044600F035F994F9E8
:10771000455010E0606A08B9012000E0002038B947
:1077200004F1240001F058FA18B100F057FA00E013
:1077300003E0681E45B2002DECDC00BFFF2084F89A
:10774000450000F043F900F017F994F9445010E0B7
:10775000206908B9012000E0002048B904F11000B8
:1077600001F03AFA08B100F039FA681E45B200E0BB
:1077700001E0002DECDC00BFFF2084F8440000F0A5
:1077800025F970BD2DE9F04705464FF0000900F0DE
:1077900053FB4248006808B9FFF7B4FC75B105F027
:1077A0000700C0F11008C8F1FF30A84201D2012043
:1077B00000E0002008B9454400E00025012000EB6E
:1077C000E570002853D0002D51D03548006885421F
:1077D0004DD8344E3046046801E02646246860687F
:1077E000A84202D220680028F7D12C4800688442C1
:1077F0003DD0306800F10809206830606068401BA7
:10780000102819D9671907F0070008B9012000E00E
:10781000002050B900BF502080F31188BFF34F8F74
:10782000BFF36F8F00BF00BFFEE76068401B78604A
:1078300065603846FFF770FD194960680968081AE5
:10784000174908600846006817490968884203D24A
:107850001348006814490860606840F000406060A8
:107860000020206011480068401C1049086001F0A9
:1078700043FA09F0070008B9012000E0002050B9E0
:1078800000BF502080F31188BFF34F8FBFF36F8F7D
:1078900000BF00BFFEE74846BDE8F087200100209A
:1078A0002401002018010020280100202C010020C4
:1078B0000648006830B10549096801F14C00C96CFF
:1078C000491C01600148006870470000C4000020A6
:1078D000001F4FF080730360001F21F0010303605D
:1078E000001F054B036014380260001F6FF0020395
:1078F0000360203870470000AD76000801460A6931
:10790000D1E901309860D1E901035860506888429C
:1079100001D188685060002008611068401E106026
:107920001068704700F1080141604FF0FF3181603D
:1079300000F10801C1600161002101607047002170
:107940000161704710B502460B685C1C0CB91069E8
:1079500007E002F1080000E04068446824689C42A7
:10796000FAD944684C604C68A160886041600A6143
:107970001468641C146010BD00BF502080F311888F
:10798000BFF34F8FBFF36F8F00BF0E480068401CDE
:107990000C49086008460068012812D10A480068AE
:1079A000C0B208B9012000E0002050B900BF50204B
:1079B00080F31188BFF34F8FBFF36F8F00BF00BFFD
:1079C000FEE770473401002004ED00E00D48006838
:1079D00050B900BF502080F31188BFF34F8FBFF321
:1079E0006F8F00BF00BFFEE706480068401E0549D4
:1079F00008600846006820B9002080F3118800BFA5
:107A000000BF70473401002070B506463546002E91
:107A10003BD0083D2C466068C00F50B900BF5020D5
:107A200080F31188BFF34F8FBFF36F8F00BF00BF8C
:107A3000FEE7206808B9012000E0002050B900BF2F
:107A4000502080F31188BFF34F8FBFF36F8F00BFBB
:107A500000BFFEE76068C00FB8B12068A8B96068D1
:107A600020F00040606000F0E7F9084960680968AC
:107A70000844064908602046FFF74EFC04480068A9
:107A8000401C0349086001F037F970BD2401002053
:107A90003001002000204FF0E02108618861064895
:107AA00000684FF47A71B0FBF1F0401E4FF0E02116
:107AB00048610720086170470000002030B5024689
:107AC0000B46002152B900BF502484F31188BFF344
:107AD0004F8FBFF36F8F00BF00BFFEE7BBB1002029
:107AE00012E00D4C04EBC0046468944203D10A4CCC
:107AF00004EBC0010AE031B9074C54F8304014B926
:107B0000054C04EBC001401C0828EAD300BF09B1B2
:107B10000B604A6030BD0000580B00202DE9F04199
:107B200005460E4617462C46FFF726FF94F94400FB
:107B3000401C10B9002084F8440094F94500401C12
:107B400010B9002084F84500FFF740FFA06B28B96A
:107B50003A46314604F1240000F062F82046FFF76F
:107B6000D2FDBDE8F081000070B504460025D4B117
:107B70001248006808B9012000E0002050B900BF99
:107B8000502080F31188BFF34F8FBFF36F8F00BF7A
:107B900000BFFEE700F050F900212046FFF70AF988
:107BA00001F0AAF805463DB94FF08050044908603D
:107BB000BFF34F8FBFF36F8F70BD00000001002037
:107BC00004ED00E003490968016003490968416068
:107BD00070470000EC000020D8000020012001497F
:107BE00008607047E800002070B504460D4654B99F
:107BF00000BF502080F31188BFF34F8FBFF36F8F0A
:107C000000BF00BFFEE70548016818312046FFF7B6
:107C100099FE01212846FFF7CDF870BDC400002071
:107C200070B504460E46154654B900BF502080F387
:107C30001188BFF34F8FBFF36F8F00BF00BFFEE708
:107C400060680F490968C8610D49826809680A625D
:107C50000B4909681831826851600949096818316F
:107C60008160074909688C622168491C21600DB157
:107C70004FF0FF3629463046FFF79CF870BD0000F4
:107C8000C40000202DE9F04706460F4634464FF069
:107C90000109002E7AD0E06C50B900BF502080F36B
:107CA0001188BFF34F8FBFF36F8F00BF00BFFEE798
:107CB000A06CB84201D23D4600E0A56CE06AA84243
:107CC00064D0E06C012861D131480068844201D061
:107CD000012000E0002050B900BF502080F311883F
:107CE000BFF34F8FBFF36F8F00BF00BFFEE7D4F825
:107CF0002C80E562A06900F0004010B9C5F10500D4
:107D0000A06108EB8801234A02EB81016069884287
:107D100001D1012000E00020C0B3201DFFF7EEFDDF
:107D200040B994F82C10012088401B490968814310
:107D30001948016094F82C10012088401649096800
:107D4000084315490860E16A01EB8101114A02EB21
:107D500081014868A0608268E260211D82685160EC
:107D60008160E16A01EB81010A4A02EB81026261F2
:107D7000E16A01EB8101074A52F82110491CE26ACD
:107D800002EB8202034B43F8221000BFBDE8F087EC
:107D9000C4000020980B0020DC0000201CB51E4809
:107DA00000210B468222CDE900101CA11D4800F0E5
:107DB00091FC0446012C02D101F05AF80446012C32
:107DC00015D100BF502080F31188BFF34F8FBFF350
:107DD0006F8F00BF4FF0FF30134908600120134937
:107DE000086000201249086000F074F810E0601C80
:107DF00008B1012000E0002050B900BF502080F3FE
:107E00001188BFF34F8FBFF36F8F00BF00BFFEE736
:107E1000084800681CBD0000F800002049444C459B
:107E20000000000075710008F4000020E000002050
:107E3000D8000020FC00002002480068401C0149D6
:107E400008607047000100201D48006818B101203B
:107E50001C49086032E000201A4908601A4800688E
:107E6000B0FA80F0C0F11F0101EB8100174A52F80F
:107E7000200008B1012000E0002050B900BF5020D0
:107E800080F31188BFF34F8FBFF36F8F00BF00BF28
:107E9000FEE701EB81020D4B03EB82004268526862
:107EA000426000F108024368934202D1426852687E
:107EB00042604268D268064B1A6000BF70470000FB
:107EC00000010020E8000020DC000020980B0020CA
:107ED000C40000201CB5524800685249884201D0B5
:107EE000012000E0002050B900BF502080F311882D
:107EF000BFF34F8FBFF36F8F00BF00BFFEE748484F
:107F000000684849491E884201D0012000E0002055
:107F100050B900BF502080F31188BFF34F8FBFF3DB
:107F20006F8F00BF00BFFEE73F4908460078019011
:107F3000FF200A4610700846007800909DF8000067
:107F400000F0F0009DF80020904201D1012000E0F7
:107F5000002050B900BF502080F31188BFF34F8F2D
:107F6000BFF36F8F00BF00BFFEE79DF8000000F079
:107F700050002E4A107007202D4A106009E02C484E
:107F80000068401E2A4A10609DF800004006000E5E
:107F900000909DF8000000F080008028EFD0244879
:107FA0000068C0F10700042801D1012000E0002092
:107FB00050B900BF502080F31188BFF34F8FBFF33B
:107FC0006F8F00BF00BFFEE7194800680002184A23
:107FD00010601046008800F4E0601060124A0198BA
:107FE00010700F482030006840F470000C492031B8
:107FF00008600846006840F070400860FFF74AFDDE
:1080000000200C490860F8F7EFF80B48006840F0D2
:10801000404009490860F8F7D3F800201CBD000073
:1080200000ED00E071C20F4100E400E038010020E3
:108030003C0100203401002034EF00E02DE9F04144
:1080400004460126002722460021012000F007F8FF
:1080500005462846FFF7A2F82846BDE8F0812DE93D
:10806000F84305460E4617460024E5B1601EB0FBF6
:10807000F5F0B04217D305FB06F010F1510F12D8FE
:1080800005FB06F808F15000FFF77CFB0446B4B18D
:10809000A14609F150093B464A463146284600941C
:1080A000FFF78BF80BE054B900BF502080F3118824
:1080B000BFF34F8FBFF36F8F00BF00BFFEE72046B7
:1080C000BDE8F8832DE9F04105460E4601272C4610
:1080D00054B900BF502080F31188BFF34F8FBFF316
:1080E0006F8F00BF00BFFEE7002C42D0E06B00287E
:1080F0003FD04FF0FF31E06BB1FBF0F0216C8842D4
:1081000037D3FFF739FCD4E90F12206801FB0200D6
:10811000A0600020A06320686060E06B401E226CBD
:10812000216800FB0211E160FF2084F8440084F81C
:1081300045009EB9206908B9012000E00020A8B9D7
:1081400004F1100000F048FD80B14FF08050134959
:108150000860BFF34F8FBFF36F8F07E004F110008B
:10816000FFF7E0FB04F12400FFF7DCFBFFF72EFC38
:1081700000E000270FB1012000E0002050B900BF4F
:10818000502080F31188BFF34F8FBFF36F8F00BF74
:1081900000BFFEE73846BDE8F081000004ED00E0D6
:1081A0002DE9FF4383B0064688461D464FF000097F
:1081B000344654B900BF502080F31188BFF34F8F6D
:1081C000BFF36F8F00BF00BFFEE7B8F1000F01D112
:1081D000206C08B9012000E0002050B900BF5020F9
:1081E00080F31188BFF34F8FBFF36F8F00BF00BFC5
:1081F000FEE7022D02D1E06B012801D1012000E051
:10820000002050B900BF502080F31188BFF34F8F7A
:10821000BFF36F8F00BF00BFFEE700F0FBFA08B9A5
:10822000059808B9012000E0002050B900BF502097
:1082300080F31188BFF34F8FBFF36F8F00BF00BF74
:10824000FEE700BFFFF798FBA06BE16B884201D30C
:10825000022D28D12A4641462046FEF7ECFE07466D
:10826000606A08B9012000E0002068B904F1240028
:1082700000F0B2FC88B14FF0805032490860BFF383
:108280004F8FBFF36F8F08E03FB14FF080502D4903
:108290000860BFF34F8FBFF36F8FFFF797FB01208D
:1082A00007B0BDE8F083059818B9FFF78FFB0020F1
:1082B000F6E7B9F1000F04D101A8FFF783FC4FF0F6
:1082C0000109FFF783FBFFF7B7FDFFF755FB94F9B3
:1082D0004400401C10B9002084F8440094F9450083
:1082E000401C10B9002084F84500FFF76FFB05A97A
:1082F00001A800F0A7F9F0B92046FFF77AF8A0B17D
:1083000004F110000599FFF76FFC2046FFF7FBF919
:1083100000F0F2FC002895D14FF080500949086028
:10832000BFF34F8FBFF36F8F8CE72046FFF7EBF95A
:1083300000F0E2FC86E72046FFF7E5F900F0DCFC00
:108340000020ADE704ED00E02DE9F74183B00546DC
:108350000E464FF000082C4654B900BF502080F361
:108360001188BFF34F8FBFF36F8F00BF00BFFEE7D1
:108370000EB9206C08B9012000E0002050B900BF00
:10838000502080F31188BFF34F8FBFF36F8F00BF72
:1083900000BFFEE700F03EFA08B9059808B90120D1
:1083A00000E0002050B900BF502080F31188BFF3D7
:1083B0004F8FBFF36F8F00BF00BFFEE700BFFFF717
:1083C000DBFAA76BF7B131462046FEF71FFE781E99
:1083D000A063206908B9012000E0002060B904F121
:1083E000100000F0F9FB38B14FF080502F490860C1
:1083F000BFF34F8FBFF36F8FFFF7E8FA012006B08E
:10840000BDE8F081059818B9FFF7E0FA0020F6E71B
:10841000B8F1000F04D101A8FFF7D4FB4FF0010819
:10842000FFF7D4FAFFF708FDFFF7A6FA94F9440026
:10843000401C10B9002084F8440094F94500401C09
:1084400010B9002084F84500FFF7C0FA05A901A87B
:1084500000F0F8F8F0B92046FEF7BEFFA0B104F135
:1084600024000599FFF7C0FB2046FFF74CF900F008
:1084700043FC0028A3D14FF080500C490860BFF3A3
:108480004F8FBFF36F8F9AE72046FFF73CF900F05C
:1084900033FC94E72046FFF736F900F02DFC204628
:1084A000FEF79AFF00288AD00020A8E704ED00E03C
:1084B0002DE9F34182B0054600272C46B84654B951
:1084C00000BF502080F31188BFF34F8FBFF36F8F31
:1084D00000BF00BFFEE7206C08B9012000E00020CB
:1084E00050B900BF502080F31188BFF34F8FBFF306
:1084F0006F8F00BF00BFFEE700F08CF908B903984A
:1085000008B9012000E0002050B900BF502080F3DE
:108510001188BFF34F8FBFF36F8F00BF00BFFEE71F
:1085200000BFFFF729FAA66BFEB1701EA06320689A
:1085300010B9FFF7BDF9A060206908B9012000E07B
:10854000002060B904F1100000F046FB38B14FF094
:1085500080503B490860BFF34F8FBFF36F8FFFF729
:1085600035FA012004B0BDE8F081039818B9FFF78F
:108570002DFA0020F6E71FB96846FFF723FB012715
:10858000FFF724FAFFF758FCFFF7F6F994F94400D7
:10859000401C10B9002084F8440094F94500401CA8
:1085A00010B9002084F84500FFF710FA03A96846C7
:1085B00000F048F840BB2046FEF70EFFF0B12068FF
:1085C00038B9FFF7D9F9A06800F090FA8046FFF7B4
:1085D000FDF904F124000399FFF706FB2046FFF79D
:1085E00092F800F089FB00289BD14FF0805014498D
:1085F0000860BFF34F8FBFF36F8F92E72046FFF7FE
:1086000082F800F079FB8CE72046FFF77CF800F059
:1086100073FB2046FEF7E0FE002882D0B8F1000F81
:108620000BD0FFF7A9F92046FEF74DFD064631466F
:10863000A068FFF727FBFFF7C9F9002092E70000C9
:1086400004ED00E070B505460C4655B900BF50205A
:1086500080F31188BFF34F8FBFF36F8F00BF00BF50
:10866000FEE754B900BF502080F31188BFF34F8F4D
:10867000BFF36F8F00BF00BFFEE7FFF77DF9134820
:1086800002686868131A2068401C08B9002619E0BF
:108690000F4928680968884206D06868904203D864
:1086A0000126002020600DE02068984207D920684C
:1086B000C01A20602846FFF785FA002602E0002055
:1086C00020600126FFF782F9304670BDD8000020F7
:1086D000EC0000202DE9FF4F85B080468946174603
:1086E000DDE912ABB800FFF74DF8064676B1582029
:1086F000FFF748F804462CB158212046F7F729FE29
:10870000266304E03046FFF77FF900E000247CB1E7
:108710000020CDE900ABCDE902403A46494640464B
:10872000089BFEF75FFD2046FEF7A4FB012501E054
:108730004FF0FF35284609B0BDE8F08F2DE9F0472E
:1087400004460F464FF0000954B900BF502080F393
:108750001188BFF34F8FBFF36F8F00BF00BFFEE7DD
:108760000FB1012000E0002050B900BF502080F37D
:108770001188BFF34F8FBFF36F8F00BF00BFFEE7BD
:108780002148006808B9012000E0002050B900BF6E
:10879000502080F31188BFF34F8FBFF36F8F00BF5E
:1087A00000BFFEE7FFF748FB184806682068C519B8
:1087B0002068B04207D92068A8420BD9B54209D930
:1087C0004FF0010906E02068A84201D8B54201D95E
:1087D0004FF001092560B9F1000F03D0A81B00215B
:1087E000FEF7E8FA00F088FA8046B8F1000F07D1EA
:1087F0004FF0805006490860BFF34F8FBFF36F8F73
:108800004846BDE8F087000000010020D8000020A5
:1088100004ED00E00549096809B9012005E00449B3
:10882000096809B9022000E000207047E00000203C
:10883000000100200149086870470000D8000020AE
:108840002DE9F0414FF000086148006800287DD113
:1088500060480068451C5F48056015BB5E480068BD
:10886000006808B9012000E0002050B900BF502086
:1088700080F31188BFF34F8FBFF36F8F00BF00BF2E
:10888000FEE7554807685548006853490860534853
:10889000076053480068401C51490860FEF7B6FE67
:1088A00000BF50480068854277D300BF4A4800683F
:1088B000006808B9012000E0002020B14FF0FF302F
:1088C0004849086068E044480068C068C468666851
:1088D000B54202D2434806605EE06069D4E9021204
:1088E0008A60D4E902214A60211D42688A4201D18E
:1088F000E1684160002262610168491E0160A06A6E
:1089000098B1A06AD4E907128A60D4E907214A60C5
:1089100004F1180142688A4201D1216A41600022B3
:10892000A2620168491E016000BF94F82C1001206A
:1089300088402D49096808432B490860E16A01EB2A
:1089400081012A4A02EB8101486800E037E0A0601B
:108950008268E260211D826851608160E16A01EBFA
:108960008101224A02EB81026261E16A01EB81012D
:108970001E4A52F82110491CE26A02EB82021B4B8C
:1089800043F822101A49E06A0968C96A88428DD9F9
:108990004FF001088AE700E000BF15480068C06A90
:1089A00000EB8000114951F82000012801D94FF057
:1089B00001081048006808B14FF0010804E00E48B3
:1089C0000068401C0C4908604046BDE8F08100008A
:1089D00000010020D8000020C8000020CC000020AA
:1089E000EC000020F4000020DC000020980B0020A8
:1089F000C4000020E8000020E400002070B5054617
:108A00002C460026002D68D035480068844201D1EC
:108A1000012000E0002050B900BF502080F31188F1
:108A2000BFF34F8FBFF36F8F00BF00BFFEE7E06C57
:108A300050B900BF502080F31188BFF34F8FBFF3B0
:108A40006F8F00BF00BFFEE7E06C401EE064A16CCA
:108A5000E06A884241D0E06C00283ED1201DFEF73C
:108A60004DFF40B994F82C10012088401D49096839
:108A700081431C480160A06CE062E06AC0F105001F
:108A8000A06194F82C100120884016490968084319
:108A900014490860E16A01EB8101134A02EB81018C
:108AA0004868A0608268E260211D82685160816030
:108AB000E16A01EB81010C4A02EB81026261E16A29
:108AC00001EB8101084A52F82110491CE26A02EBCD
:108AD0008202054B43F822100126304670BD00008B
:108AE000C4000020DC000020980B002070B5054673
:108AF0002C460026002D67D03449E06A0968C96A0F
:108B000088425AD2A06900F0004028B92F48006876
:108B1000C06AC0F10500A061E16A01EB81012C4A45
:108B200002EB81016069884201D1012000E0002050
:108B3000E0B3201DFEF7E2FE40B994F82C100120AE
:108B40008840244909688143224801601F48006821
:108B5000C06AE06294F82C10012088401D49096821
:108B600008431C490860E16A01EB8101184A02EBE5
:108B700081014868A0608268E260211D82685160BE
:108B80008160E16A01EB8101114A02EB81026261BD
:108B9000E16A01EB81010E4A52F82110491CE26A98
:108BA00002EB82020A4B43F8221004E0FFE7074879
:108BB0000068C06AE062012606E00449A06C09680A
:108BC000C96A884200D20126304670BDC400002028
:108BD000980B0020DC00002070B50346D868C168FF
:108BE00051B900BF502080F31188BFF34F8FBFF3FE
:108BF0006F8F00BF00BFFEE7886AD1E90745A56017
:108C0000D1E90754656001F118044568A54201D116
:108C10000C6A446000258D620468641E046030485C
:108C2000006800283DD14869D1E90245A560D1E935
:108C3000025465600C1D4568A54201D1CC684460B2
:108C400000254D610468641E046091F82C400120E9
:108C5000A040244C24682043224C2060CC6A04EBC2
:108C60008404214D05EB8404606888608568CD60CC
:108C70000C1D85686C608460CC6A04EB84041A4D1A
:108C800005EB84054D61CC6A04EB8404164D55F860
:108C90002440641CCD6A05EB8505134E46F825403B
:108CA00010E0124C6068C86185680D6201F118041B
:108CB00085686C6084600D4D8D622C462468641C50
:108CC0002C6000BF0A4CC86A2468E46AA04204D938
:108CD00001220120074C206000E00022104670BDF8
:108CE00000010020DC000020980B0020240C002054
:108CF000C4000020E800002070B50024002653487E
:108D0000006850B900BF502080F31188BFF34F8F27
:108D1000BFF36F8F00BF00BFFEE7FEF72DFE4B488D
:108D20000068401E494908600846006800287DD157
:108D300047480068002879D05BE04648C068C468AE
:108D4000A06AD4E907128A60D4E907214A6004F1D5
:108D5000180142688A4201D1216A41600022A26260
:108D60000168491E01606069D4E902128A60D4E991
:108D700002214A60211D42688A4201D1E1684160B6
:108D8000002262610168491E016094F82C100120E4
:108D900088403149096808432F490860E16A01EBBE
:108DA00081012E4A02EB81014868A0608268E2607E
:108DB000211D826851608160E16A01EB8101274ACF
:108DC00002EB81026261E16A01EB8101234A52F800
:108DD0002110491CE26A02EB8202204B43F8221068
:108DE0001F49E06A0968C96A884202D301201D4907
:108DF00008601848006808B9012000E00020002839
:108E00009BD00CB1FEF702FC1748056865B100BFA6
:108E1000FFF716FD10B10120124908606D1E002DEC
:108E2000F6D10020104908600E4800E009E0006813
:108E300038B1012630070D490860BFF34F8FBFF3EB
:108E40006F8FFEF7C3FD304670BD000000010020AB
:108E5000D4000020240C0020DC000020980B00200F
:108E6000C4000020E8000020E400002004ED00E041
:108E70001CB50024FEF774F80E48006858B10E487F
:108E8000022100234FF48272CDE900100BA10D489E
:108E9000FFF720FC044654B900BF502080F311882E
:108EA000BFF34F8FBFF36F8F00BF00BFFEE72046B9
:108EB0001CBD00000C01002010010020546D722028
:108EC00053766300ED76000800000000000000000B
:108ED00000005F0000000000000700070000000025
:108EE000147F147F14000000242A6B2A1200000053
:108EF0002313086462000000364955225000000028
:108F00000005030000000000001C224100000000DA
:108F10000041221C0000000014083E08140000005C
:108F200008083E0808000000005030000000000063
:108F30000808080808000000006060000000000049
:108F400020100804020000003E5149453E00000088
:108F500000427F400000000042615149460000008D
:108F60002141454B310000001814127F1000000011
:108F700027454545390000003C4A4949300000007A
:108F80000171090503000000364949493600000017
:108F9000064949291E000000003636000000000086
:108FA00000563600000000000814224100000000B6
:108FB00014141414140000000041221408000000CE
:108FC0000201510906000000324979413E000000CB
:108FD0007E1111117E0000007F49494936000000D2
:108FE0003E414141220000007F4141221C0000001F
:108FF0007F494949410000007F090909010000003B
:109000003E4149497A0000007F0808087F000000BF
:1090100000417F41000000002040413F010000006E
:109020007F081422410000007F40404040000000C3
:109030007F020C027F0000007F0408107F00000008
:109040003E4141413E0000007F0909090600000041
:109050003E4151215E0000007F09192946000000B1
:10906000464949493100000001017F01010000002B
:109070003F4040403F0000001F2040201F000000F4
:109080003F4038403F0000006314081463000000B4
:1090900007087008070000006151494543000000BF
:1090A000007F414100000000020408102000000081
:1090B0000041417F000000000402010204000000A2
:1090C0004040404040000000000102040000000059
:1090D00020545454780000007F4844443800000075
:1090E0003844444420000000384444487F000000D5
:1090F0003854545418000000087E09010200000092
:109100000C5252523E0000007F0804047800000018
:1091100000447D40000000002040443D000000006D
:109120007F1028440000000000417F400000000044
:109130007C041804780000007C0804047800000017
:1091400038444444380000007C1414140800000023
:10915000081414187C0000007C08040408000000B7
:109160004854545424000000043E442400000000ED
:109170003C4040207C0000001C2040201C000000DF
:109180003C4030403C0000004428102844000000CF
:109190000C5050503C0000004464544C440000000B
:1091A000000836410000000000007F0000000000C1
:1091B0000041360800000000080408100800000004
:1091C0000000000000080808080800363600003ECD
:1091D0005149453E00427F4000426151494621418C
:1091E000454B311814127F1027454545393C4A49F3
:1091F000493001710905033649494936064949296B
:109200001EDDDDDDDDDCBBBBDDDDDDDDDDDDDDDD92
:10921000DD988888888888888877777777778888BE
:1092200088855555566666666666666666666888AB
:1092300088833333322222222222222222222888A9
:109240008D0000005B5359535D205468726573684C
:109250006F6C6473206C6F616465642066726F6DFF
:1092600020454550524F4D3A2048756D693D256463
:109270002C2054656D703D25642C204761733D257D
:10928000642C20466972653D252E31666B0D0A00FF
:1092900041542B43495053544152543D225443505E
:1092A000222C22656332653839353132372E73749A
:1092B000312E696F7464612D6465766963652E6310
:1092C0006E2D6E6F7274682D342E6D7968756177AE
:1092D0006569636C6F75642E636F6D222C3138384D
:1092E000330D0A0035333137366437663838363057
:1092F00038303336633035313834323264633535A3
:1093000063326638623462393432396138643766C0
:1093100066343436353461653461366364333166BE
:109320003437323500000000246F632F646576699E
:109330006365732F36613833633936346362623064
:109340006366366262393761353733625F73746DD5
:109350005F3332463430375A4554362F7379732F82
:109360006D657373616765732F646F776E000000BE
:10937000246F632F646576696365732F36613833B4
:1093800063393634636262306366366262393761EC
:10939000353733625F73746D5F3332463430375A1A
:1093A0004554362F7379732F70726F7065727469BC
:1093B00065732F7265706F72740000007B22736595
:1093C000727669636573223A5B7B22736572766994
:1093D00063655F6964223A226A6966656E676461E3
:1093E00078756E6C696E222C2270726F7065727463
:1093F000696573223A7B2268756D69223A252E329F
:10940000662C2274656D70223A252E32662C2266F7
:10941000697265223A252E32662C22676173223AE0
:10942000252E32662C2266616E223A25642C226734
:10943000617465223A25642C227761746572223A40
:1094400025642C226C6564223A25642C2273747284
:10945000616E676572223A25647D2C226576656EA1
:10946000745F74696D65223A222573227D5D7D00EB
:10947000909400080000002044010000680F0008DC
:10948000C49400084401002044D700003C63000855
:1094900011847A030A00091D010203040607080962
:1094A0000428247449EA0110EA7820ABFFFF2D223A
:1094B000820A1C205119A10923A501260237041A8A
:0494C000AA01C1003C
:040000050800018965
:00000001FF
